Stage,Model,Prediction_Count,Unique_Students,Missing_Probabilities,Minimum_Probability,Maximum_Probability
Stage 1,Gradient Boosting,3539,3539,0,0.01913318958660955,0.9974325864070516
Stage 1,Logistic Regression,3539,3539,0,0.009448950119728397,0.9989882672138347
Stage 1,Random Forest,3539,3539,0,0.137524850668527,0.9621157983413311
Stage 2,Gradient Boosting,3539,3539,0,0.00794340317742091,0.9947789471379118
Stage 2,Logistic Regression,3539,3539,0,0.0015019940917445913,0.9998821462147014
Stage 2,Random Forest,3539,3539,0,0.006666666666666667,0.9933333333333333
Stage 3,Gradient Boosting,3539,3539,0,0.01130143854057189,0.9867639658878702
Stage 3,Logistic Regression,3539,3539,0,0.010555143577654757,0.9991448834190855
Stage 3,Random Forest,3539,3539,0,0.0033333333333333335,1.0
