Model,Stage,Fold,Accuracy,Precision,Recall,F1,ROC_AUC,Fit_Seconds
Logistic Regression,Stage 1,1,0.7288135593220338,0.5631768953068592,0.6872246696035242,0.6190476190476191,0.8050408931466201,0.06941189999997732
Logistic Regression,Stage 1,2,0.7810734463276836,0.6475409836065574,0.6960352422907489,0.6709129511677282,0.8447708976343337,0.06344799999988027
Logistic Regression,Stage 1,3,0.7641242937853108,0.6205533596837944,0.6885964912280702,0.6528066528066528,0.828718932748538,0.06134509999992588
Logistic Regression,Stage 1,4,0.7330508474576272,0.5719557195571956,0.6798245614035088,0.6212424849699398,0.8033351608187134,0.06173060000037367
Logistic Regression,Stage 1,5,0.7411598302687411,0.5814814814814815,0.6916299559471366,0.6317907444668008,0.808342511013216,0.05753030000050785
Random Forest,Stage 1,1,0.769774011299435,0.66,0.5814977973568282,0.6182669789227166,0.7903092859039994,0.2002519999996366
Random Forest,Stage 1,2,0.7853107344632768,0.6923076923076923,0.5947136563876652,0.6398104265402843,0.8197587624900401,0.17397210000035557
Random Forest,Stage 1,3,0.7838983050847458,0.6923076923076923,0.5921052631578947,0.6382978723404256,0.8145148026315789,0.1898658999998588
Random Forest,Stage 1,4,0.7655367231638418,0.6504854368932039,0.5877192982456141,0.6175115207373272,0.810654239766082,0.1723627999999735
Random Forest,Stage 1,5,0.7835926449787836,0.6745283018867925,0.6299559471365639,0.6514806378132119,0.8266611600587372,0.1660397000005105
Gradient Boosting,Stage 1,1,0.7330508474576272,0.5725190839694656,0.6607929515418502,0.6134969325153374,0.7998525465485817,0.9766307999998389
Gradient Boosting,Stage 1,2,0.768361581920904,0.6329113924050633,0.6607929515418502,0.646551724137931,0.8348338172126719,0.9333667999999307
Gradient Boosting,Stage 1,3,0.7627118644067796,0.6282051282051282,0.6447368421052632,0.6363636363636364,0.8263843201754386,0.9140963999998348
Gradient Boosting,Stage 1,4,0.7457627118644068,0.5916030534351145,0.6798245614035088,0.6326530612244898,0.8100648757309941,0.9027195999997275
Gradient Boosting,Stage 1,5,0.7609618104667609,0.6082089552238806,0.7180616740088106,0.6585858585858586,0.8255873715124816,0.8432327999998961
Logistic Regression,Stage 2,1,0.8333333333333334,0.7206477732793523,0.7841409691629956,0.7510548523206751,0.8961414820445658,0.050569300000461226
Logistic Regression,Stage 2,2,0.8516949152542372,0.7520661157024794,0.801762114537445,0.7761194029850746,0.92369054924121,0.048996900000020105
Logistic Regression,Stage 2,3,0.8615819209039548,0.768595041322314,0.8157894736842105,0.7914893617021277,0.9065241228070176,0.050764699999490404
Logistic Regression,Stage 2,4,0.826271186440678,0.7160493827160493,0.7631578947368421,0.7388535031847133,0.8907072368421053,0.05971880000015517
Logistic Regression,Stage 2,5,0.8330975954738331,0.7104247104247104,0.8105726872246696,0.757201646090535,0.8952092511013214,0.05064310000034311
Random Forest,Stage 2,1,0.8559322033898306,0.8019323671497585,0.7312775330396476,0.7649769585253456,0.8804482218579134,0.15739070000017819
Random Forest,Stage 2,2,0.8333333333333334,0.7632850241545893,0.6960352422907489,0.728110599078341,0.8934351159020762,0.1604194000001371
Random Forest,Stage 2,3,0.8615819209039548,0.825,0.7236842105263158,0.7710280373831776,0.8946043494152047,0.15793370000028517
Random Forest,Stage 2,4,0.827683615819209,0.7387387387387387,0.7192982456140351,0.7288888888888889,0.89046966374269,0.16670429999976477
Random Forest,Stage 2,5,0.842998585572843,0.7660550458715596,0.73568281938326,0.750561797752809,0.9006194933920705,0.16419940000014321
Gradient Boosting,Stage 2,1,0.8333333333333334,0.7261410788381742,0.7709251101321586,0.7478632478632479,0.8833835529870773,1.0154836000001524
Gradient Boosting,Stage 2,2,0.8206214689265536,0.7032520325203252,0.762114537444934,0.7315010570824524,0.898165532526766,0.990506600000117
Gradient Boosting,Stage 2,3,0.8573446327683616,0.777292576419214,0.7807017543859649,0.7789934354485777,0.8946911549707601,1.0050049000001309
Gradient Boosting,Stage 2,4,0.8234463276836158,0.7136929460580913,0.7543859649122807,0.7334754797441365,0.8991547880116959,0.9292551999997158
Gradient Boosting,Stage 2,5,0.8302687411598303,0.7114624505928854,0.7929515418502202,0.75,0.8969162995594715,0.9277569000005315
Logistic Regression,Stage 3,1,0.8573446327683616,0.7647058823529411,0.801762114537445,0.7827956989247312,0.9140190682040902,0.056109099999957834
Logistic Regression,Stage 3,2,0.865819209039548,0.7773109243697479,0.8149779735682819,0.7956989247311828,0.9343236832223616,0.05753600000025472
Logistic Regression,Stage 3,3,0.8799435028248588,0.8095238095238095,0.8201754385964912,0.8148148148148148,0.9162280701754386,0.05884830000013608
Logistic Regression,Stage 3,4,0.8516949152542372,0.7469879518072289,0.8157894736842105,0.779874213836478,0.9188505116959065,0.06285189999925933
Logistic Regression,Stage 3,5,0.8415841584158416,0.7366255144032922,0.788546255506608,0.7617021276595745,0.9083241556534508,0.05144139999993058
Random Forest,Stage 3,1,0.8601694915254238,0.7935779816513762,0.762114537444934,0.7775280898876404,0.9081850403436307,0.16466009999930975
Random Forest,Stage 3,2,0.844632768361582,0.76,0.7533039647577092,0.7566371681415929,0.9074294558876057,0.17568779999965045
Random Forest,Stage 3,3,0.8771186440677966,0.8439024390243902,0.7587719298245614,0.7990762124711316,0.9134046052631579,0.16763770000034128
Random Forest,Stage 3,4,0.867231638418079,0.8045454545454546,0.7763157894736842,0.7901785714285714,0.9241319444444444,0.15973340000073222
Random Forest,Stage 3,5,0.8656294200848657,0.8142857142857143,0.7533039647577092,0.782608695652174,0.9120686490455213,0.1707077000000936
Gradient Boosting,Stage 3,1,0.8573446327683616,0.7692307692307693,0.7929515418502202,0.7809110629067245,0.9043201113685695,1.216560599999866
Gradient Boosting,Stage 3,2,0.8615819209039548,0.7698744769874477,0.8105726872246696,0.7896995708154506,0.9123018308040335,1.1535973999998532
Gradient Boosting,Stage 3,3,0.8686440677966102,0.7973568281938326,0.793859649122807,0.7956043956043956,0.9076663011695906,1.0510339000002205
Gradient Boosting,Stage 3,4,0.8559322033898306,0.7647058823529411,0.7982456140350878,0.7811158798283262,0.9222404970760235,1.018964799999594
Gradient Boosting,Stage 3,5,0.8571428571428571,0.771551724137931,0.788546255506608,0.7799564270152506,0.9149550293685756,1.0285265000002255
