Artifact_Type,File_Name,Relative_Path,File_Size_Bytes,SHA256
Figure,phase16_stage_1_heldout_roc.png,outputs\figures\phase16_stage_1_heldout_roc.png,184259,c611a3836295ca0ad466f602703b843f9188b4ef23636c927ee8fbaf2e8940d4
Figure,phase16_stage_2_heldout_roc.png,outputs\figures\phase16_stage_2_heldout_roc.png,178832,f17c2ddedf1f3c596481e6a40a2de220fedf40749431d1adb9ed6999fdd30ed9
Figure,phase16_stage_3_heldout_roc.png,outputs\figures\phase16_stage_3_heldout_roc.png,172169,79af03547d25001815099db238fe1f2ffdf54a37c93bab821e753cd7c7b41401
Figure,phase17_stage_1_consensus_shap.png,outputs\figures\phase17_stage_1_consensus_shap.png,123685,08f1f858a8aa5eb327497fb68ad87dc53257b8a392ebbb91bf0f4932756d3b6c
Figure,phase17_stage_2_consensus_shap.png,outputs\figures\phase17_stage_2_consensus_shap.png,129793,e6b8b9f8d1b88745c129a1ca1a35cbcd338c0905e1626d86898327b2dda17d2b
Figure,phase17_stage_3_consensus_shap.png,outputs\figures\phase17_stage_3_consensus_shap.png,143930,3c11bfcf756352a1d162074f50cdebdfc08170cc78f0d26059416ba989371d33
Figure,phase18_high_confidence_false_negative_local_shap.png,outputs\figures\phase18_high_confidence_false_negative_local_shap.png,164459,7b0c34f6e3036e9ca6dae51e03a5bc21d19f0ec906973fe6bbdeb10dea3bac71
Figure,phase18_high_confidence_false_positive_local_shap.png,outputs\figures\phase18_high_confidence_false_positive_local_shap.png,172507,04f5ee1445710e4312303899dfba2132469162943e92f1e4d1ff329bb19238ca
Figure,phase18_high_confidence_true_negative_local_shap.png,outputs\figures\phase18_high_confidence_true_negative_local_shap.png,168809,f6b7f6d0241958543c124bd52022eccf6ab086a63aaae950888180a82b36533e
Figure,phase18_high_confidence_true_positive_local_shap.png,outputs\figures\phase18_high_confidence_true_positive_local_shap.png,153079,2ea569f4418e167b0430f6e5b483973115ef6455d2d36b65c2c59fc2cfd6c0c3
Figure,phase19_stage3_gradient_boosting_calibration.png,outputs\figures\phase19_stage3_gradient_boosting_calibration.png,157030,7c8e8d0826805d544733b4be9b672446528d24ca86c9e76e80c22a62718d321a
Figure,phase19_stage3_logistic_regression_calibration.png,outputs\figures\phase19_stage3_logistic_regression_calibration.png,164445,76e29479d56d57ddf160ec87b1c40b140b8b37585e91419e4f5ab1c0c0317f9d
Figure,phase19_stage3_random_forest_calibration.png,outputs\figures\phase19_stage3_random_forest_calibration.png,160611,114770faacbf8d4624b3ad66830072f28c5a473a0e29308f546f65e33f20bb26
Figure,phase20_final_locked_confusion_matrices.png,outputs\figures\phase20_final_locked_confusion_matrices.png,527209,3401ad848455fbd7fb2b480348799e3d3435d4b75fe06bf1bafdeb216fab6031
Figure,phase20_stage_2_logistic_regression_shap_summary.png,outputs\figures\phase20_stage_2_logistic_regression_shap_summary.png,194765,d170a87040a1f67371b1b4e0436c762a9ea6db05f43711d99904a2960e1722ac
Figure,phase20_stage_2_partial_dependence.png,outputs\figures\phase20_stage_2_partial_dependence.png,216987,0370fbf989570804f417f54b4e8bd5fde44dee73b5308de3fa6968b6c60332e3
Figure,phase20_stage_2_risk_tier_outcomes.png,outputs\figures\phase20_stage_2_risk_tier_outcomes.png,93066,666cdea44eb10060b97ff95acf6f2e33eedde6e2aa2dc0f102af1e3efd99d70b
Figure,phase20_stage_3_logistic_regression_shap_summary.png,outputs\figures\phase20_stage_3_logistic_regression_shap_summary.png,235142,8c12e4173014a9cef423a8c748b35ab0689ac8fa4052a0e5cd3242f493dfa25f
Figure,phase20_stage_3_partial_dependence.png,outputs\figures\phase20_stage_3_partial_dependence.png,229291,597b8bf553fb33e1dfee146ee91cfbbba51719f2b64d04dda5d29fddd2b8d5bf
Figure,phase20_stage_3_risk_tier_outcomes.png,outputs\figures\phase20_stage_3_risk_tier_outcomes.png,92987,dc9999241d2f13e214ca1cd1c9706e2dc2e180b75801debd4b95e1c9d133ae0f
Figure,phase8_admission_grade_dropout.png,outputs\figures\phase8_admission_grade_dropout.png,86685,d89cb98cb9808ce1cfddbab00a87afadebae7f20c497da3157b175b879f0b8d2
Figure,phase8_age_by_dropout_status.png,outputs\figures\phase8_age_by_dropout_status.png,93864,fffffd364afb151d5dd3ce1d082a3c945718e5cc4c8db780d571df5892577ce0
Figure,phase8_dropout_rate_debtor.png,outputs\figures\phase8_dropout_rate_debtor.png,52309,91d4d7d99336db51ab8447597bffa45c460f546349aa6527982ce01e5922328d
Figure,phase8_dropout_rate_scholarship_holder.png,outputs\figures\phase8_dropout_rate_scholarship_holder.png,58747,398262fa4e749b46c82d9402a493730f672cec76c2b0fcda6521fc5a6bee70d1
Figure,phase8_dropout_rate_tuition_fees_up_to_date.png,outputs\figures\phase8_dropout_rate_tuition_fees_up_to_date.png,55707,0d7e4490f1d81cd7b50e9c0ecf08a6e3face3a2dd519cdc623b13cf40901e7a9
Figure,phase8_first_semester_approved_by_dropout.png,outputs\figures\phase8_first_semester_approved_by_dropout.png,85699,f412da12f1eaa046b2498149a38dc88de5f1a108e418b5c13b4c8fc60fee67e9
Figure,phase8_first_semester_grade_by_dropout.png,outputs\figures\phase8_first_semester_grade_by_dropout.png,72995,c0f426f2b1165afeb1168d0a73042ee0d90faf27336dd7ebc2fe681a7b47d81b
Figure,phase8_previous_qualification_grade_dropout.png,outputs\figures\phase8_previous_qualification_grade_dropout.png,98490,2915e028d5d530c5742110607af43ba76e099c324704a61bdd5eaa77221d591e
Figure,phase8_second_semester_approved_by_dropout.png,outputs\figures\phase8_second_semester_approved_by_dropout.png,89006,ddd05bef7da500dfea4d1bf2f1f9ff19948c20f5700eb110ad8b7faadf627067
Figure,phase8_second_semester_grade_by_dropout.png,outputs\figures\phase8_second_semester_grade_by_dropout.png,79131,b3c3b43ad0ccf151d0e3953d04f8a82e311eda9ff6c2ecbae706ce66854b78ca
Model,final_stage_1_gradient_boosting.joblib,outputs\models\final_stage_1_gradient_boosting.joblib,257956,bfe14ddd886a3c7f7f058979cf599a0ecd5ccffce5aa07d873198a818f3f5542
Model,final_stage_1_logistic_regression.joblib,outputs\models\final_stage_1_logistic_regression.joblib,8817,83b9f13e0bceb9a07bb77d38b9c97a1e52021df9e92f6e52c07760b3b5fd99ae
Model,final_stage_1_random_forest.joblib,outputs\models\final_stage_1_random_forest.joblib,7670114,202d8771fe0f7a98a8d7463dc114dc27215a3f2bc5b15f3053ffe6b7d7d74c91
Model,final_stage_2_gradient_boosting.joblib,outputs\models\final_stage_2_gradient_boosting.joblib,161604,39b4f506f8527d95536b2e6f1530553cd6b8e4e4b009fc23e5b5f904fa4e2280
Model,final_stage_2_logistic_regression.joblib,outputs\models\final_stage_2_logistic_regression.joblib,9729,f1d8bd91d496014952b744cc59704e75232902c62f370c3d02b055a8e92d347b
Model,final_stage_2_random_forest.joblib,outputs\models\final_stage_2_random_forest.joblib,36122658,4a28e75509ce89e383f04498f5e2b3b6ac6cb0a3c6185f5684ef98461b577fdf
Model,final_stage_3_gradient_boosting.joblib,outputs\models\final_stage_3_gradient_boosting.joblib,265620,1be00b8c2d2b5ffb5674188fe39ea6b4a6c36454c0a78d63c5d9891354ba8d04
Model,final_stage_3_logistic_regression.joblib,outputs\models\final_stage_3_logistic_regression.joblib,10657,2c16a02a9c582d12370ebcd4c0c6e35366bad988ce0a0fedc0431da6939b7dce
Model,final_stage_3_random_forest.joblib,outputs\models\final_stage_3_random_forest.joblib,30748674,3b4a3306ce97d0dc0f660dfbc8d04421dd0563703531a11a53a820fa812aa02f
Table,phase10_shared_split_assignment.csv,outputs\tables\phase10_shared_split_assignment.csv,78559,ccba031269d7cdd7f3217109bf18fb4e1e7975503ceef8b3580b834dd25678ad
Table,phase10_split_class_distribution.csv,outputs\tables\phase10_split_class_distribution.csv,259,d598663f2180b7f1989317497e1d27405361511c80659c59d637cf0ce6dcf8c1
Table,phase10_stratification_check.csv,outputs\tables\phase10_stratification_check.csv,86,0a0a0b401bb1ddc323da7501a6b17ab2863ad8c2c28aef7e796f8e98bde803b1
Table,phase11_lr_binary_passthrough_check.csv,outputs\tables\phase11_lr_binary_passthrough_check.csv,686,85772fdf1775687f9110071acba0cabfc8dd231f11ffd0f8b7972a07b0166fa4
Table,phase11_lr_scaling_audit.csv,outputs\tables\phase11_lr_scaling_audit.csv,2775,5cf139a9d45c1e864fb05330d32c15e4b5beeecbd3beca494cd81098eb604330
Table,phase11_preprocessing_coverage.csv,outputs\tables\phase11_preprocessing_coverage.csv,185,e83d9d93869cbbf4165d641ed5a9ce4bfb79e282f7308e35e27706b4ab5327bf
Table,phase11_transformed_dimensions.csv,outputs\tables\phase11_transformed_dimensions.csv,132,42b03cb9c2892325123eaa25ffd4159beeae1af607d86308ec4a6681c14ebedb
Table,phase11_transformed_feature_names.csv,outputs\tables\phase11_transformed_feature_names.csv,23736,b5526752dd7b111c4a7ee911cc001c2318118fd920a4dae476662060d8d01d7f
Table,phase11_tree_passthrough_check.csv,outputs\tables\phase11_tree_passthrough_check.csv,2273,14b773a0dc931847914ae4bc7bc1b4981b650c02dd96bcc7d15e47a8b506b1ed
Table,phase12_baseline_cv_fold_results.csv,outputs\tables\phase12_baseline_cv_fold_results.csv,6408,5c2b05d972a7ec4bc104b16fc767b7220e6bb3d904de0c42015599496dde5b89
Table,phase12_baseline_fit_times.csv,outputs\tables\phase12_baseline_fit_times.csv,390,fae59ec650425c580bcfc7f1df6856813c5f269353b2ca8e76a77c0a329874a5
Table,phase12_baseline_mean_metrics.csv,outputs\tables\phase12_baseline_mean_metrics.csv,595,2f00936b639d216177ee56bafc8955a7fbbbf925b526a3288d69aa97c49b588c
Table,phase12_baseline_metric_std.csv,outputs\tables\phase12_baseline_metric_std.csv,596,96a66cf088c4a68e160933d0381fa5d4e9e84edce453dfbe6130b13fc957a637
Table,phase12_baseline_roc_auc_ranking.csv,outputs\tables\phase12_baseline_roc_auc_ranking.csv,626,af76784280558e37c8d8c913bebd5e34737d44a756d636f5c0d531bb3ef60ad4
Table,phase12_baseline_stage_changes.csv,outputs\tables\phase12_baseline_stage_changes.csv,1085,8642a633b825f7de362bf6eab761fa0d3344ba6ddf27002f2284f0ee6b73afbd
Table,phase12_cv_fold_distribution.csv,outputs\tables\phase12_cv_fold_distribution.csv,214,1204e93b6be0dc408f6eb3c69be3a18219cb8de18fc1d05d60219f96385424ad
Table,phase12_research_alignment.csv,outputs\tables\phase12_research_alignment.csv,490,872929da51a071a3c2806c5cf58c6db53e2e6a90e5aeea48d653bad0c910a6a0
Table,phase13_baseline_grid_check.csv,outputs\tables\phase13_baseline_grid_check.csv,108,4358a0735e8b68ab8187ff0f7b07e3ca6fe52185c10620ff391095658b7379f3
Table,phase13_best_tuned_models.csv,outputs\tables\phase13_best_tuned_models.csv,1818,b1e42fd90a0b2085283943d581728b0d99f6d77b326c08c5c88cdec4b6e5fcc2
Table,phase13_locked_hyperparameters.json,outputs\tables\phase13_locked_hyperparameters.json,1127,5caaeb68ca93b74ad51d1dad34f8d46dbf1deddf64428eee78e521c77b0527fd
Table,phase13_tuned_roc_auc_ranking.csv,outputs\tables\phase13_tuned_roc_auc_ranking.csv,1648,bf5f8507d9693a85176888e05ac187fbd208be3d8bfe3bb32e6b75ff31f1d91e
Table,phase13_tuning_candidate_summary.csv,outputs\tables\phase13_tuning_candidate_summary.csv,19901,16a951a0a45c4bb91ddaccc273141d5c9561605dabbfb1459216e540d3f6a790
Table,phase13_tuning_fold_results.csv,outputs\tables\phase13_tuning_fold_results.csv,67901,211afe5c6778ed2c603b88369a3cb11ec6d3e433c00e68a80edfaa8b83f6095c
Table,phase13_tuning_vs_baseline.csv,outputs\tables\phase13_tuning_vs_baseline.csv,1380,870d6c2db6f8434d50c9b944f84d9bb719978e576ff1880155abec60f3d2f1a4
Table,phase13_tuning_workload.csv,outputs\tables\phase13_tuning_workload.csv,177,18eb9e0441b8b7bc98cf23290f0fd9e1d74ae61a5c253723f9fa1b850ce2dbd0
Table,phase14_imbalance_focus_metrics.csv,outputs\tables\phase14_imbalance_focus_metrics.csv,1039,d4fc5d2cd38b8e25ce7871bdfd82f1efea786fb1b38768666285cc9c45fd2f88
Table,phase14_smotenc_category_validity.csv,outputs\tables\phase14_smotenc_category_validity.csv,615,9faf12ae44c9804434956bfc5332ec76b91a2580e665f7a1517e24d4f327e8a7
Table,phase14_smotenc_cv_fold_results.csv,outputs\tables\phase14_smotenc_cv_fold_results.csv,6399,24e1fceeff662c6413195265e58d120ebce3b0e2e478d37569dbe7496cf8ccbb
Table,phase14_smotenc_mean_metrics.csv,outputs\tables\phase14_smotenc_mean_metrics.csv,602,0b45bca352fa32b2236c8bb8a05a9fc31fb2a91d9fd8c4b36808c9a723ee5ee8
Table,phase14_smotenc_metric_std.csv,outputs\tables\phase14_smotenc_metric_std.csv,597,ba69b4280f0848e6248f3f0b9f28a5fbe3e88da88ad5a9b84d3a471e7eda8ae1
Table,phase14_smotenc_roc_auc_ranking.csv,outputs\tables\phase14_smotenc_roc_auc_ranking.csv,633,d9c26a151dc5a9526843901ac940186285de22803369ef565bc599be3cf76b32
Table,phase14_smotenc_stage_changes.csv,outputs\tables\phase14_smotenc_stage_changes.csv,1085,49c15e825f94280d0bbc6df77212210e65f4f41fe4c51c61400bb389c5c0a062
Table,phase14_smotenc_vs_class_weight.csv,outputs\tables\phase14_smotenc_vs_class_weight.csv,1583,b9bf50d68e2f8c8025a8b0699579c341f9b82139a8ff5c2608dfe559db4208e3
Table,phase15_default_threshold_metrics.csv,outputs\tables\phase15_default_threshold_metrics.csv,1399,1470b318a0d5eabacc32633b62b83cb5d08c6bd07154a6a9fe332faa316fcd81
Table,phase15_error_tradeoff.csv,outputs\tables\phase15_error_tradeoff.csv,1320,5fbff8612e6c7214ca37057299e1d7a1ebd3b4a4fd4b2aee74fd5946bcaefd3a
Table,phase15_locked_thresholds.json,outputs\tables\phase15_locked_thresholds.json,396,def7e2cd334cbca16593145f9847e55456f69c3b65432ce7f612f556a01cf80c
Table,phase15_oof_coverage.csv,outputs\tables\phase15_oof_coverage.csv,796,e1107a79dbc584490f5f32a2de2bfd2d3211f58036f74441979c1eab136b51c5
Table,phase15_oof_predictions.csv,outputs\tables\phase15_oof_predictions.csv,1701623,47c5c4bacd2655304f22856802b466efb57e19f741b101e28ebbecd865e84a42
Table,phase15_selected_threshold_metrics.csv,outputs\tables\phase15_selected_threshold_metrics.csv,1408,4e747091d1609ac01db5e914970fba0b8754c8dfeb4e4f349d6c1c9c105caa8c
Table,phase15_selected_vs_default_threshold.csv,outputs\tables\phase15_selected_vs_default_threshold.csv,1559,c8455db1dbf3d0e148a5d419cc189b3b56e211aec2e8fdb19439b87447513808
Table,phase15_threshold_grid_results.csv,outputs\tables\phase15_threshold_grid_results.csv,116610,127f49b7a1154f65c8106a7f1f266df5e12ff12b2a67946e0b5b4ac11a529554
Table,phase15_threshold_selection_check.csv,outputs\tables\phase15_threshold_selection_check.csv,749,83ccd754a9e32a9696963e367df560fdeadfd5617d2143c86282cf6e2f21d936
Table,phase16_bootstrap_metric_confidence_intervals.csv,outputs\tables\phase16_bootstrap_metric_confidence_intervals.csv,2753,acfb470c2b8cf3f6a9776a95618b1cf4e43472b57947d75f066e3e7fa87f80b9
Table,phase16_bootstrap_paired_model_differences.csv,outputs\tables\phase16_bootstrap_paired_model_differences.csv,3293,dde557a7a5452173224061a66b5420fd05187918535bbb1b8c8c3fbec3c720fc
Table,phase16_bootstrap_paired_stage_differences.csv,outputs\tables\phase16_bootstrap_paired_stage_differences.csv,2046,e5c70ff415aba9a720969f85c5f40f853a17a3809f6cc08e92d787f31d7ddeb1
Table,phase16_cv_vs_test_generalisation.csv,outputs\tables\phase16_cv_vs_test_generalisation.csv,1412,a5e1a4be7add666d7c67dea405f0e612ab412624dda28803bf93094fda718f4a
Table,phase16_default_threshold_results.csv,outputs\tables\phase16_default_threshold_results.csv,1509,eb93aa68539509f75687e1fe9dfb1e709a368c9d90cb190ddbdfc00bb650561e
Table,phase16_final_roc_auc_ranking.csv,outputs\tables\phase16_final_roc_auc_ranking.csv,1210,29c753f339ff765dbd39f2ff745061fab5a585ecd8e663cb9131f902a3bf8593
Table,phase16_final_stage_changes.csv,outputs\tables\phase16_final_stage_changes.csv,1083,54869801c5deb352d51d87d7cdddb1d4734f62897a26df6c961592456155aa0f
Table,phase16_final_test_predictions.csv,outputs\tables\phase16_final_test_predictions.csv,513369,6d69d23256ae89ff81a431b9e91bc858c2aea0f314e07fce0aae9d4fb4e7b3d3
Table,phase16_final_test_results.csv,outputs\tables\phase16_final_test_results.csv,2910,3ab2ece815882b8f967ea1f6d8c41823fbcac3d8b45f53301a6785b1e3cfd555
Table,phase16_locked_threshold_results.csv,outputs\tables\phase16_locked_threshold_results.csv,1538,b2a37afc72d429b94ab9b3c7f59bbb984e84c57b7e2531a6985f00882f4b2ba4
Table,phase16_prediction_coverage.csv,outputs\tables\phase16_prediction_coverage.csv,762,939468af9ffd37cc7c0d7151769635fb227942fc435e1d70a28b23e9374ccfd3
Table,phase16_threshold_comparison.csv,outputs\tables\phase16_threshold_comparison.csv,1482,a5719cff68b5a5d593ac5b07ba3e66639a9e43f89b11100d1365f7ceb05e6147
Table,phase17_global_source_shap.csv,outputs\tables\phase17_global_source_shap.csv,23941,38e1def1848bce4bd5c000502efa842f161a9b0ddfe257ac3b4e4153d22244a5
Table,phase17_h3_group_comparison.csv,outputs\tables\phase17_h3_group_comparison.csv,1025,40fce052f868673282750919058eadae9c46ff70220f9c281d7f1712acee9258
Table,phase17_h3_stage_support_summary.csv,outputs\tables\phase17_h3_stage_support_summary.csv,85,e993fb50e65ab7e4bfe811a2aab0950d2f0595aa8ae701316ff19c99a75686a1
Table,phase17_native_source_importance.csv,outputs\tables\phase17_native_source_importance.csv,29948,85cf33c2cf116736b5ffb4ef2baee413541951d3b5c547fc1b8caa77131c1ad9
Table,phase17_research_group_dictionary.csv,outputs\tables\phase17_research_group_dictionary.csv,2151,fecd126fbdf0a29a10d87aa5d05cb4a0571aa56e6cd5373c6d4fbc99e0cd865e
Table,phase17_shap_additivity_audit.csv,outputs\tables\phase17_shap_additivity_audit.csv,1035,30fd4fa0d1a45e12bfbf6a4176d741b0e31e48cfcb2d8d19e1e9ee33f3cea865
Table,phase17_shap_audit.csv,outputs\tables\phase17_shap_audit.csv,1206,83a473134f8a81ffed446cd3a536a018afcfac895aea6c8fcf41eccd27f42b9c
Table,phase17_shap_background_audit.csv,outputs\tables\phase17_shap_background_audit.csv,1094,a8c194cab387fe482b82482c7658372cc54300848c7743a4006d53852ce95bab
Table,phase17_shap_background_indices.csv,outputs\tables\phase17_shap_background_indices.csv,2136,84dd2e38aaa1b22b48a9c028f90890dc11d63b2c9d4c3e33d625ff7b0b36a6ab
Table,phase17_shap_background_sensitivity.csv,outputs\tables\phase17_shap_background_sensitivity.csv,1044,b60706a05985cd2531d56bbf41a9b891e1833f5b884264b24935fd380d50743a
Table,phase17_shap_background_sensitivity_indices.csv,outputs\tables\phase17_shap_background_sensitivity_indices.csv,6303,a60113a574909e4342c0a245bf10a4a65571b0cc8562689aff7bc1f441480164
Table,phase17_shap_group_importance.csv,outputs\tables\phase17_shap_group_importance.csv,3572,1d1b28dbe1c72fd7a8fbe50a0c831e078701ea241e7e9a6af202212c54a1c7b1
Table,phase17_shap_native_rank_consistency.csv,outputs\tables\phase17_shap_native_rank_consistency.csv,389,f360a70738c368d2039b46f3db9a139e1ba2852c81904493973b1faa83f3a41c
Table,phase17_stage_consensus_shap.csv,outputs\tables\phase17_stage_consensus_shap.csv,7788,d4a8eee323ebfa5bb276af42e9689521826d52e90f28f53c11a17220ba8f8170
Table,phase17_stage_group_shap_summary.csv,outputs\tables\phase17_stage_group_shap_summary.csv,1312,178a021455f369c23ad994cdb65f5da67642d005b16dc574aa79ee3a9f97ec60
Table,phase17_top10_shap_by_model.csv,outputs\tables\phase17_top10_shap_by_model.csv,8060,13abb1c610b74beb97870ffa6d2971a12f063850c297f08ed3cfd1192d8d052a
Table,phase17_top10_stage_consensus.csv,outputs\tables\phase17_top10_stage_consensus.csv,2647,f3ea3b99c132d6ff88920518993b59c2a5ebd76eaa73de1c7563801d5e0da28d
Table,phase18_interpretability_evidence.csv,outputs\tables\phase18_interpretability_evidence.csv,848,6828c065eb25866d7d89009913d1e0db5318e5d23d888e534e73266c23317553
Table,phase18_local_consistency_all_students.csv,outputs\tables\phase18_local_consistency_all_students.csv,165568,24b6fac731d4bd98d82912da5126f0e67c89fbd5561a75e677cb17ea5a059bd5
Table,phase18_local_consistency_summary.csv,outputs\tables\phase18_local_consistency_summary.csv,313,f0361ff02573e6de2a320f2989962cfa602676bb211f6765983db0ce72787e6e
Table,phase18_local_readability_all_students.csv,outputs\tables\phase18_local_readability_all_students.csv,175184,1b9cc2bb5b1477069acbbb09e68a12d30add2f7b7d9df1d68d933a531c77d0d6
Table,phase18_local_readability_summary.csv,outputs\tables\phase18_local_readability_summary.csv,255,ceb079a7ad51a8e2c488b9cd11379efba2d614d37bafc34370d167606037817f
Table,phase18_practitioner_explanation_table.csv,outputs\tables\phase18_practitioner_explanation_table.csv,9764,a7bf30a6c297f459f7b88f8b668bfef64b6bd62ebbde9c3abe9665aff7d31794
Table,phase18_selected_case_model_comparison.csv,outputs\tables\phase18_selected_case_model_comparison.csv,3060,7c61c6a6f71852ba03e4cc39642b409382b6774d4c7dbdf24cf7e061d4f60a11
Table,phase18_selected_local_cases.csv,outputs\tables\phase18_selected_local_cases.csv,620,30b7b15ecffd562538821c4058a5957eb33c7c9709262d798c0c395b3cdbab58
Table,phase18_selected_local_explanations.csv,outputs\tables\phase18_selected_local_explanations.csv,7518,0f42f5fadb87ca126394d8a1e3cef0d71baaaa6b0c090772d33956021fcd55e7
Table,phase18_stage3_actionability_audit.csv,outputs\tables\phase18_stage3_actionability_audit.csv,1437,e3c10b2ccb36d8910fe6692b58ede8618a2dddcf1c3c10ee88dd31cb621255d6
Table,phase19_calibration_summary.csv,outputs\tables\phase19_calibration_summary.csv,1042,b11a488d93356b48a3f282c15a6207380c7d4f6c6822ff2be606ae89ce29bf82
Table,phase19_dice_constraint_audit.csv,outputs\tables\phase19_dice_constraint_audit.csv,2,7eb70257593da06f682a3ddda54a9d260d4fc514f645237f5ca74b08f8da61a6
Table,phase19_dice_counterfactual.csv,outputs\tables\phase19_dice_counterfactual.csv,2,7eb70257593da06f682a3ddda54a9d260d4fc514f645237f5ca74b08f8da61a6
Table,phase19_dice_model_validation.csv,outputs\tables\phase19_dice_model_validation.csv,2,7eb70257593da06f682a3ddda54a9d260d4fc514f645237f5ca74b08f8da61a6
Table,phase19_false_negative_shap_summary.csv,outputs\tables\phase19_false_negative_shap_summary.csv,2131,08cc155bf8c5b238022a97398293b1d7ca69731b1f63021e501822bf23c6cd46
Table,phase19_false_negative_summary.csv,outputs\tables\phase19_false_negative_summary.csv,331,2b9dca3bbf6a5c36453fef4512441a81dad0bac490457cbf770dc0f3f18ead0f
Table,phase19_lime_explanation.csv,outputs\tables\phase19_lime_explanation.csv,1078,77800b432481d904c1cd06e029308adc37a15320f65f9a31697f41dbc5d9e9cd
Table,phase19_responsible_use_summary.csv,outputs\tables\phase19_responsible_use_summary.csv,541,0a6ef3061cbc223dcdaca65dc0cb1918d53556ed58afdfed5e422a3ae4a85159
Table,phase19_subgroup_gap_summary.csv,outputs\tables\phase19_subgroup_gap_summary.csv,1945,567417a3b2c032a3c41ddeea657144778be3a916695b78838ebcd17de0b4318b
Table,phase19_subgroup_performance.csv,outputs\tables\phase19_subgroup_performance.csv,15053,92154748c813e1b88a9f51b2ee65ccf064572406e8949908dea2b639670c9e70
Table,phase20_partial_dependence_results.csv,outputs\tables\phase20_partial_dependence_results.csv,4932,77cc489f3d15e66a437838c8b617e010a8b0a6c4d45cbefcc85c5f8dfb46458f
Table,phase20_pdp_feature_selection.csv,outputs\tables\phase20_pdp_feature_selection.csv,199,328a97b67359822f4438b9ed10594a9b18e399f5b88650e1e34ce1c74b264042
Table,phase20_pdp_grid_summary.csv,outputs\tables\phase20_pdp_grid_summary.csv,234,c94e942af95f5c96eb3cd1cde7d9080c774bcce425977cd8fd465a1fc970a95b
Table,phase20_risk_tier_boundaries.csv,outputs\tables\phase20_risk_tier_boundaries.csv,326,70057782ff998ea4b9a494b4a07061c4cbec686dc254be326a91532b4b36670e
Table,phase20_risk_tier_predictions.csv,outputs\tables\phase20_risk_tier_predictions.csv,129470,f7577d279b63307614d318580d276b9a250fcf501210deb27b70ff9a09009071
Table,phase20_risk_tier_response_matrix.csv,outputs\tables\phase20_risk_tier_response_matrix.csv,726,e6da91ac8c26575195aa094e18adcc5fb26eb82622e24d84b047a2d6b3514bf4
Table,phase20_risk_tier_summary.csv,outputs\tables\phase20_risk_tier_summary.csv,861,4c29c941ef33c4373e689a4bab524f5a7837e4ce2b513a85e353eb18bb9216e8
Table,phase20_shap_summary_plot_scope.csv,outputs\tables\phase20_shap_summary_plot_scope.csv,7202,dfe8e928d794dcef03526005f76067d43cc7531326cf2f85b4288e6428bf9282
Table,phase21_environment_snapshot.csv,outputs\tables\phase21_environment_snapshot.csv,274,8f60999a6f4eff7370ccc9c4d10fb9c063c9662bbb2a41e97eb2400b8f18f31a
Table,phase21_final_hypothesis_assessment.csv,outputs\tables\phase21_final_hypothesis_assessment.csv,1650,4e6cc47eea79dd1b6dadc80713f4654c0e9beac082cec7706e032483d18b6b51
Table,phase21_final_limitation_register.csv,outputs\tables\phase21_final_limitation_register.csv,5249,30a4ad5aaf0e4e55ee75d8cb5458b2ff9e770b54495f76833a4ed4f9f4a57e75
Table,phase21_final_research_alignment.csv,outputs\tables\phase21_final_research_alignment.csv,1720,4196928f5fc3b2afec71924be6098cea377913a562b57a864cc66cc6ba2f2578
Table,phase21_highest_roc_auc_point_estimate_by_stage.csv,outputs\tables\phase21_highest_roc_auc_point_estimate_by_stage.csv,703,3c14a30e8a4e82784447ffff8eb4fd0f68880ee32172bec2f9efd828d71542ff
Table,phase21_implementation_refinement_register.csv,outputs\tables\phase21_implementation_refinement_register.csv,4185,3747467a29bc53ee14a01e405b47b6269463e3f99afdf1f47150060f5949b0f7
Table,phase21_integrity_summary.csv,outputs\tables\phase21_integrity_summary.csv,3951,777dccb0c3cb64ee5fd63ebc419470081c99a19186198231cb7dc0fcd3d62a7b
Table,phase21_prediction_group_coverage.csv,outputs\tables\phase21_prediction_group_coverage.csv,354,024cafc84e2d6f7f033b05e6cd015ea18ca84c95ec0a5ba2fdf21147086245e7
Table,phase21_required_artifact_status.csv,outputs\tables\phase21_required_artifact_status.csv,1360,4039510ae7f55ce498823b23416a6d55022c4d8960e0f9e978fd57f13c86bb5c
Table,phase21_rq1_final_performance.csv,outputs\tables\phase21_rq1_final_performance.csv,1268,d198aa99e08fab04a0e3301cd5367eedf2130eb158fe544ace281d0f6f3903f3
Table,phase21_rq2_group_importance.csv,outputs\tables\phase21_rq2_group_importance.csv,918,b0fe1b6defe406ac332fe5d641da163b8e3ffbbbc50cf5d8b3ef7db220daf074
Table,phase21_rq2_top_features.csv,outputs\tables\phase21_rq2_top_features.csv,1098,0ee51b59ab84b2e8ec2e363f0f8da85bbccd10b4385136c1583fcc8c9684241b
Table,phase21_rq3_interpretability_summary.csv,outputs\tables\phase21_rq3_interpretability_summary.csv,848,6828c065eb25866d7d89009913d1e0db5318e5d23d888e534e73266c23317553
Table,phase21_stage_mean_performance.csv,outputs\tables\phase21_stage_mean_performance.csv,354,50e42d022f4e61336cb4d47dc3e056b209b32d3b874cda50c3153fa8ccb60af5
Table,phase21_synthesis_export_register.csv,outputs\tables\phase21_synthesis_export_register.csv,1545,896ad3759d410dd0a7dda1c57f05d55a493cca73d17bdf8a664ab1dfce5350fd
Table,phase21_unseen_category_audit.csv,outputs\tables\phase21_unseen_category_audit.csv,12687,98dc838cfd4407f1f4f53474a6befd9eec85b0531c95e23e1f8afc7cbef16261
Table,phase21_unseen_category_cases.csv,outputs\tables\phase21_unseen_category_cases.csv,7404,49d1f9055d565916bc869eb4ff01e3f5d541681a542b6d2af5d8b4995d30128d
Table,phase2_dataset_provenance.csv,outputs\tables\phase2_dataset_provenance.csv,288,87edb6f801bd6ff88d38dda1acad2237c160ae9f9c7fe47493d8d8bbe8d4d727
Table,phase4_data_quality_profile.csv,outputs\tables\phase4_data_quality_profile.csv,4571,4adfc2c548fb69a48b23ab0ae1f25d49790789b449f986cf7b8d7baa3e2b2330
Table,phase5_modelling_feature_dictionary.csv,outputs\tables\phase5_modelling_feature_dictionary.csv,3380,146ed0b97a9a1f31d23dfb376becca3609a7de0f9ed87f328569e52c6c27a321
Table,phase5_preprocessing_decision_register.csv,outputs\tables\phase5_preprocessing_decision_register.csv,1765,09132b798c2a87d3fcf4b8339b73eb325f03a72a679308eac91f27ae946d6071
Table,phase6_age_by_original_target.csv,outputs\tables\phase6_age_by_original_target.csv,145,471c6e063e47e58702dd2e8e3e999832043a521e119e3702c795ffedec0b903f
Table,phase6_eda_finding_register.csv,outputs\tables\phase6_eda_finding_register.csv,1138,9cc8d14e5b86f98005472394ae7c114a350ec4fc100d9e9cf36e8a0086d6e555
Table,phase6_original_target_distribution.csv,outputs\tables\phase6_original_target_distribution.csv,86,966407d224fc3a43d8e138239bfbc8452944963a7fc2a199cbcc0a3075bc8ec6
Table,phase6_semester1_by_original_target.csv,outputs\tables\phase6_semester1_by_original_target.csv,353,26ab5dc912305420d275beaa3865fa3334620c44124f8f97a3f627113e3dcbe2
Table,phase6_semester2_by_original_target.csv,outputs\tables\phase6_semester2_by_original_target.csv,351,5676f7a2a3622e3174261725a1ebf5f42eff26e262438ee650141d89224948bf
Table,phase7_binary_target_distribution.csv,outputs\tables\phase7_binary_target_distribution.csv,85,18b52ba721f4bb62a202acf2b8b3061ad84cc6078145c19d2db0e4e0af08d9a7
Table,phase7_non_dropout_composition.csv,outputs\tables\phase7_non_dropout_composition.csv,90,9010be3ef747d6bc1773aa3ab2527b3c93003ff6e5dd7a2a73d64c0279efa2d1
Table,phase7_target_mapping.csv,outputs\tables\phase7_target_mapping.csv,110,0179af3e800181d1da7e1bd31786f2747a8001021df7a292c0a697dda9d5336e
Table,phase8_age_by_binary_dropout.csv,outputs\tables\phase8_age_by_binary_dropout.csv,120,96f241f93da8153517b096f70251a495ef1ffbecbf2adb875a057dd78b23147e
Table,phase8_application_mode_dropout_rates.csv,outputs\tables\phase8_application_mode_dropout_rates.csv,267,dde7844291a87c3c358204f3e19775750ef05716e9fb1a30557ca99799d370b4
Table,phase8_binary_eda_finding_register.csv,outputs\tables\phase8_binary_eda_finding_register.csv,1118,d72589dc18390a3b136cbfdfea639b8c45edc844077be2d9488eb99b96431c43
Table,phase8_course_dropout_rates.csv,outputs\tables\phase8_course_dropout_rates.csv,364,f083ab36dc0b65f9f948e8978c60e61f59d4ed0cadc031dbeadfc92d84c890c5
Table,phase8_demographic_dropout_rates.csv,outputs\tables\phase8_demographic_dropout_rates.csv,451,8ebb94ff4b43ede86452303965bf01a0cf7ee6a7266dfedbeeafd6bbc7b6d7a1
Table,phase8_macroeconomic_binary_summary.csv,outputs\tables\phase8_macroeconomic_binary_summary.csv,225,3e42a3e875693c424b7ecfe6ea11723dcc8eac3fe9e83cbbfc2d002bedbbf566
Table,phase8_prior_academic_binary_summary.csv,outputs\tables\phase8_prior_academic_binary_summary.csv,297,37e10c288e120a3dcac1953b33317a7acb8b54c70805f4ef178a3179310123a9
Table,phase8_semester1_binary_summary.csv,outputs\tables\phase8_semester1_binary_summary.csv,316,e5885f581faa81ac89a844505e4780fb24c2d10ba2af0c3f2be9fc3114775a1d
Table,phase8_semester2_binary_summary.csv,outputs\tables\phase8_semester2_binary_summary.csv,315,c822c2adea6352f1a374bb649aee4653d4d9f82282e8c8501e10feb988ccf5a2
Table,phase9_prediction_stage_membership.csv,outputs\tables\phase9_prediction_stage_membership.csv,3530,11da173c5122e70b541955e5993193a169dfc59049b066bedeedea796771d473
Table,phase9_prediction_stage_summary.csv,outputs\tables\phase9_prediction_stage_summary.csv,271,583d4e8d4b077f0ac3a1b39ad6f9efec956bcd0f0ba5c3d84bd6410567df95c2
Table,phase9_stage_duplicate_check.csv,outputs\tables\phase9_stage_duplicate_check.csv,109,f6a78181f3b9de76f5897b0c35c39b9c53268ad33818550dfe7fb06c4f723882
