Stage,Source_Feature,Mean_Model_Importance_Share,Std_Model_Importance_Share,Mean_Model_Rank,Consensus_Rank
Stage 1,Tuition fees up to date,0.17635584836005816,0.04120714194275426,1.0,1
Stage 1,Scholarship holder,0.11628420270290456,0.017516751855122314,3.0,2
Stage 1,Course,0.09946894168009189,0.02004615127195746,4.0,3
Stage 1,Age at enrollment,0.097506075610467,0.05466313775841297,5.666666666666667,4
Stage 1,Application mode,0.08614231114545699,0.027963973538489506,4.333333333333333,5
Stage 1,Gender,0.07723349284696682,0.009297629818639281,5.0,6
Stage 1,Debtor,0.05116449757084044,0.015721779731057588,8.0,7
Stage 1,Mother's occupation,0.045232345219483765,0.019017869544351133,8.666666666666666,8
Stage 1,Mother's qualification,0.03247565214468712,0.013083717178767702,9.666666666666666,9
Stage 1,Admission grade,0.03075726255177488,0.006926954709839191,10.666666666666666,10
Stage 1,Unemployment rate,0.028048662344161496,0.017948083699438965,11.333333333333334,11
Stage 1,Previous qualification (grade),0.02679677139602245,0.008242309721049374,11.666666666666666,12
Stage 1,Father's occupation,0.023902422489711223,0.013433206390971415,12.666666666666666,13
Stage 1,Father's qualification,0.022969720362875118,0.00228166603234624,13.0,14
Stage 1,Previous qualification,0.01558589850757365,0.01249305234118051,15.333333333333334,15
Stage 1,GDP,0.014935645893982353,0.004819792918870215,16.666666666666668,16
Stage 1,Marital status,0.012881240693791136,0.008860326202819926,16.333333333333332,17
Stage 1,Displaced,0.009717350272369404,0.006346077289727695,18.666666666666668,18
Stage 1,Application order,0.009042623728008473,0.004964536315933898,18.333333333333332,19
Stage 1,Daytime/evening attendance,0.008331709282320276,0.009336325299366304,19.333333333333332,20
Stage 1,Inflation rate,0.00771956005298776,0.0010864694836833276,19.333333333333332,21
Stage 1,Nacionality,0.005390343372926446,0.004358192263972636,20.333333333333332,22
Stage 1,Educational special needs,0.0020574217705385807,0.0014960416393043241,23.0,23
Stage 2,Curricular units 1st sem (approved),0.25930215290241715,0.046437587047464236,1.0,1
Stage 2,Tuition fees up to date,0.10033197111951964,0.023503323057887555,2.6666666666666665,2
Stage 2,Curricular units 1st sem (grade),0.07396230681468753,0.05791575027026035,7.666666666666667,3
Stage 2,Age at enrollment,0.0652341473403951,0.027779480608817426,5.0,4
Stage 2,Curricular units 1st sem (enrolled),0.061834581436782776,0.03539572082117618,6.0,5
Stage 2,Course,0.048594006979613934,0.01208394088965983,6.666666666666667,6
Stage 2,Scholarship holder,0.04490903394243347,0.01558202079838439,8.333333333333334,7
Stage 2,Gender,0.040524565091929886,0.0065477497943087345,8.0,8
Stage 2,Application mode,0.03586232781475776,0.01602483013334586,8.0,9
Stage 2,Debtor,0.034697921211803755,0.012205572355493237,10.333333333333334,10
Stage 2,Unemployment rate,0.029158259357734195,0.01861112161195833,11.666666666666666,11
Stage 2,Curricular units 1st sem (credited),0.02421697265858944,0.02309965542010745,14.0,12
Stage 2,Mother's qualification,0.023339695428328828,0.008942094136210195,11.666666666666666,13
Stage 2,Mother's occupation,0.021872982203568134,0.0077141624865620755,13.0,14
Stage 2,Curricular units 1st sem (evaluations),0.019499439605479372,0.015451218744799098,15.333333333333334,15
Stage 2,Father's occupation,0.0191628673103667,0.012554486262752745,15.0,16
Stage 2,Displaced,0.01444932931488292,0.0110436148565396,18.0,17
Stage 2,Father's qualification,0.013232540134529175,0.005974391132771832,17.0,18
Stage 2,Previous qualification (grade),0.01175679753224602,0.0043660288467537054,18.0,19
Stage 2,Admission grade,0.01097216150253573,0.003952460591124035,19.666666666666668,20
Stage 2,Application order,0.00827815783680592,0.0015509624134518582,21.0,21
Stage 2,GDP,0.008248069951984764,0.001970154416056859,21.0,22
Stage 2,Previous qualification,0.0072070743350429725,0.007737210803583253,23.666666666666668,23
Stage 2,Marital status,0.005624239344709884,0.006444104540385475,23.666666666666668,24
Stage 2,Inflation rate,0.0055256204127515805,0.0039015110742990763,23.0,25
Stage 2,Curricular units 1st sem (without evaluations),0.004963558100334977,0.0026015580573326086,24.333333333333332,26
Stage 2,Daytime/evening attendance,0.003681389264034342,0.00400571758272823,26.333333333333332,27
Stage 2,Nacionality,0.003197622832397284,0.001965342233997148,26.0,28
Stage 2,Educational special needs,0.0003602082193366837,0.0003164663807220163,28.666666666666668,29
Stage 3,Curricular units 2nd sem (approved),0.24551009718603023,0.06771090436562112,1.0,1
Stage 3,Curricular units 1st sem (approved),0.10401224568166971,0.01808489414669938,2.6666666666666665,2
Stage 3,Tuition fees up to date,0.08410550820858163,0.02642042569645137,3.3333333333333335,3
Stage 3,Curricular units 2nd sem (grade),0.0742549107421011,0.04356233701098169,4.666666666666667,4
Stage 3,Age at enrollment,0.051572827211592565,0.01914429602796299,6.666666666666667,5
Stage 3,Curricular units 2nd sem (enrolled),0.04618834828048107,0.03467182378638492,8.0,6
Stage 3,Course,0.03622541973213309,0.006447124743350206,7.666666666666667,7
Stage 3,Curricular units 1st sem (grade),0.032152493959491026,0.02260472220601249,11.666666666666666,8
Stage 3,Scholarship holder,0.03208713021086094,0.005671622483072551,9.666666666666666,9
Stage 3,Application mode,0.028414638268273035,0.010394259105319631,10.0,10
Stage 3,Debtor,0.02620063762139076,0.006775130702732373,11.666666666666666,11
Stage 3,Gender,0.023821481758011204,0.001178532421948506,12.0,12
Stage 3,Curricular units 1st sem (enrolled),0.02111099219385418,0.01407718055375827,12.666666666666666,13
Stage 3,Unemployment rate,0.01962817828636934,0.012865580528915193,14.666666666666666,14
Stage 3,Curricular units 2nd sem (credited),0.019372314474890285,0.012995410893635172,17.0,15
Stage 3,Mother's qualification,0.018155943829234345,0.0071429803896338375,14.0,16
Stage 3,Father's occupation,0.01596682645064551,0.009613782398458035,17.666666666666668,17
Stage 3,Curricular units 2nd sem (evaluations),0.015226218501445628,0.012513396426249575,18.666666666666668,18
Stage 3,Mother's occupation,0.015030783089095702,0.005055997907689882,17.333333333333332,19
Stage 3,Father's qualification,0.00997790069281986,0.005158870061119419,21.666666666666668,20
Stage 3,Application order,0.009635879729027642,0.004511295897743836,23.0,21
Stage 3,Displaced,0.009098389016766182,0.007854536442528644,23.666666666666668,22
Stage 3,Previous qualification (grade),0.008926514507940108,0.004089262249746505,23.333333333333332,23
Stage 3,Curricular units 1st sem (credited),0.008184332067618559,0.006709682542647283,24.0,24
Stage 3,Admission grade,0.007936426397392414,0.0045102785881064224,23.333333333333332,25
Stage 3,Curricular units 1st sem (evaluations),0.007519182832729732,0.0081701715065493,24.666666666666668,26
Stage 3,Previous qualification,0.006014252579973018,0.004578687545129118,25.333333333333332,27
Stage 3,Inflation rate,0.0052585051877722866,0.0024473781779551763,25.333333333333332,28
Stage 3,GDP,0.004604992533597471,0.003697221277271766,27.333333333333332,29
Stage 3,Marital status,0.003762659202130192,0.004176725705652022,29.666666666666668,30
Stage 3,Curricular units 2nd sem (without evaluations),0.0034499056901005133,0.0029911972613149806,29.333333333333332,31
Stage 3,Curricular units 1st sem (without evaluations),0.002593930272881391,0.0006123594379857414,30.333333333333332,32
Stage 3,Daytime/evening attendance,0.0022727683157312147,0.0024532694143399167,32.0,33
Stage 3,Nacionality,0.0013014898429760272,0.0001854109128465349,32.0,34
Stage 3,Educational special needs,0.0004258754443920902,0.0003471740002736776,34.0,35
