Stage,Model,Baseline_Accuracy,Baseline_Precision,Baseline_Recall,Baseline_F1,Baseline_ROC_AUC,Tuned_Accuracy,Tuned_Precision,Tuned_Recall,Tuned_F1,Tuned_ROC_AUC,Delta_Accuracy,Delta_Precision,Delta_Recall,Delta_F1,Delta_ROC_AUC
Stage 1,Gradient Boosting,0.7542,0.6067,0.6728,0.6375,0.8193,0.7576,0.6122,0.6755,0.6419,0.8212,0.0034,0.0055,0.0027,0.0044,0.0019
Stage 1,Logistic Regression,0.7496,0.5969,0.6887,0.6392,0.818,0.7496,0.5969,0.6887,0.6392,0.818,0.0,0.0,-0.0,-0.0,0.0
Stage 1,Random Forest,0.7776,0.6739,0.5972,0.6331,0.8124,0.7573,0.6123,0.6675,0.6386,0.8168,-0.0203,-0.0616,0.0703,0.0055,0.0044
Stage 2,Gradient Boosting,0.833,0.7264,0.7722,0.7484,0.8945,0.8367,0.7284,0.7845,0.7552,0.8977,0.0037,0.002,0.0123,0.0068,0.0032
Stage 2,Logistic Regression,0.8412,0.7336,0.7951,0.7629,0.9025,0.8412,0.7336,0.7951,0.7629,0.9025,-0.0,-0.0,-0.0,0.0,-0.0
Stage 2,Random Forest,0.8443,0.779,0.7212,0.7487,0.8919,0.8463,0.7801,0.7274,0.7525,0.8936,0.002,0.0011,0.0062,0.0038,0.0017
Stage 3,Gradient Boosting,0.8601,0.7745,0.7968,0.7855,0.9123,0.8593,0.7709,0.8003,0.7852,0.9143,-0.0008,-0.0036,0.0035,-0.0003,0.002
Stage 3,Logistic Regression,0.8593,0.767,0.8083,0.787,0.9183,0.8618,0.7716,0.8109,0.7906,0.919,0.0025,0.0046,0.0026,0.0036,0.0007
Stage 3,Random Forest,0.863,0.8033,0.7608,0.7812,0.913,0.8644,0.8073,0.7599,0.7827,0.9148,0.0014,0.004,-0.0009,0.0015,0.0018
