Stage,Model,Default_Accuracy,Default_Precision,Default_Recall,Default_F1,Default_FP,Default_FN,Selected_Threshold,Selected_Accuracy,Selected_Precision,Selected_Recall,Selected_F1,Selected_FP,Selected_FN,Delta_Accuracy,Delta_Precision,Delta_Recall,Delta_F1,Change_in_False_Negatives,Change_in_False_Positives
Stage 1,Logistic Regression,0.7496,0.5954,0.6887,0.6387,532,354,0.46,0.7406,0.5758,0.7318,0.6445,613,305,-0.009,-0.0197,0.0431,0.0058,-49,81
Stage 1,Random Forest,0.7573,0.6121,0.6675,0.6386,481,378,0.52,0.7677,0.6383,0.6394,0.6388,412,410,0.0105,0.0262,-0.0281,0.0002,32,-69
Stage 1,Gradient Boosting,0.7576,0.611,0.6755,0.6416,489,369,0.53,0.7728,0.6444,0.6535,0.6489,410,394,0.0153,0.0334,-0.022,0.0073,25,-79
Stage 2,Logistic Regression,0.8412,0.7332,0.7951,0.7629,329,233,0.56,0.8505,0.77,0.7625,0.7662,259,270,0.0093,0.0368,-0.0325,0.0034,37,-70
Stage 2,Random Forest,0.8454,0.7767,0.7282,0.7517,238,309,0.46,0.8406,0.7463,0.7634,0.7548,295,269,-0.0048,-0.0304,0.0352,0.0031,-40,57
Stage 2,Gradient Boosting,0.8367,0.7282,0.7845,0.7553,333,245,0.61,0.8542,0.8017,0.7256,0.7618,204,312,0.0175,0.0736,-0.0589,0.0065,67,-129
Stage 3,Logistic Regression,0.8618,0.7709,0.8109,0.7904,274,215,0.57,0.8726,0.8135,0.7828,0.7978,204,247,0.0107,0.0426,-0.0281,0.0074,32,-70
Stage 3,Random Forest,0.863,0.8024,0.7608,0.781,213,272,0.52,0.8678,0.8189,0.7555,0.7859,190,278,0.0048,0.0165,-0.0053,0.0049,6,-23
Stage 3,Gradient Boosting,0.8593,0.7705,0.8004,0.7852,271,227,0.62,0.8731,0.8373,0.7511,0.7918,166,283,0.0138,0.0667,-0.0493,0.0067,56,-105
