Stage,Research_Group,Mean_Importance_Share,Stage_Group_Rank
Stage 1,Socioeconomic,0.46838468885056034,1
Stage 1,Application / enrolment,0.20298558583587759,2
Stage 1,Demographic,0.19506857429468996,3
Stage 1,Academic,0.073139932455371,4
Stage 1,Macroeconomic,0.050703868291131604,5
Stage 1,Demographic / socioeconomic,0.009717350272369404,6
Stage 2,Academic,0.473715044888116,1
Stage 2,Socioeconomic,0.2575470113505497,2
Stage 2,Demographic,0.11494078282876884,3
Stage 2,Application / enrolment,0.09641588189521196,4
Stage 2,Macroeconomic,0.04293194972247053,5
Stage 2,Demographic / socioeconomic,0.01444932931488292,6
Stage 3,Academic,0.6024521653685989,1
Stage 3,Socioeconomic,0.20152473010262875,2
Stage 3,Demographic,0.08088433345910208,3
Stage 3,Application / enrolment,0.07654870604516499,4
Stage 3,Macroeconomic,0.0294916760077391,5
Stage 3,Demographic / socioeconomic,0.009098389016766182,6
