ROC_AUC_Rank,Stage,Model,ROC_AUC,Recall,F1,Precision,Accuracy
1,Stage 3,Logistic Regression,0.9183,0.8083,0.787,0.767,0.8593
2,Stage 3,Random Forest,0.913,0.7608,0.7812,0.8033,0.863
3,Stage 3,Gradient Boosting,0.9123,0.7968,0.7855,0.7745,0.8601
4,Stage 2,Logistic Regression,0.9025,0.7951,0.7629,0.7336,0.8412
5,Stage 2,Gradient Boosting,0.8945,0.7722,0.7484,0.7264,0.833
6,Stage 2,Random Forest,0.8919,0.7212,0.7487,0.779,0.8443
7,Stage 1,Gradient Boosting,0.8193,0.6728,0.6375,0.6067,0.7542
8,Stage 1,Logistic Regression,0.818,0.6887,0.6392,0.5969,0.7496
9,Stage 1,Random Forest,0.8124,0.5972,0.6331,0.6739,0.7776
