Model,Subgroup_Dimension,Subgroup,N,Observed_Dropouts,Observed_Non_Dropouts,Observed_Dropout_Rate,Predicted_Positives,Predicted_Positive_Rate,PPR_CI_Lower,PPR_CI_Upper,Accuracy,Precision,Recall,Recall_CI_Lower,Recall_CI_Upper,False_Negative_Rate,FNR_CI_Lower,FNR_CI_Upper,False_Positive_Rate,FPR_CI_Lower,FPR_CI_Upper,True_Positives,False_Negatives,False_Positives,True_Negatives,Recall_FNR_Denominator_Adequate,FPR_Denominator_Adequate,PPR_Denominator_Adequate
Logistic Regression,Gender,Gender=0,564,138,426,0.24468085106382978,129,0.22872340425531915,0.1959641107682148,0.26515308092908096,0.9131205673758865,0.8449612403100775,0.7898550724637681,0.7144999568711702,0.8495100347429904,0.21014492753623187,0.15048996525700964,0.2855000431288297,0.046948356807511735,0.03059457417446167,0.07139991221355874,109,29,20,406,True,True,True
Logistic Regression,Gender,Gender=1,321,146,175,0.45482866043613707,145,0.4517133956386293,0.39816266448091786,0.5064061669960046,0.8535825545171339,0.8413793103448276,0.8356164383561644,0.767049425351415,0.8869751735232559,0.1643835616438356,0.11302482647674399,0.23295057464858504,0.13142857142857142,0.0891986686813725,0.1894920731038699,122,24,23,152,True,True,True
Logistic Regression,Age,Age ≤20,513,102,411,0.19883040935672514,91,0.17738791423001948,0.14676574828608485,0.2128057521209044,0.8927875243664717,0.7582417582417582,0.6764705882352942,0.5807104316100656,0.7594209346911828,0.3235294117647059,0.24057906530881734,0.4192895683899345,0.0535279805352798,0.03561164535458579,0.07971303544442884,69,33,22,389,True,True,True
Logistic Regression,Age,Age 21–24,139,51,88,0.3669064748201439,49,0.35251798561151076,0.278036359352847,0.43493212795820424,0.8848920863309353,0.8571428571428571,0.8235294117647058,0.6974585747569193,0.9042759653087367,0.17647058823529413,0.09572403469126317,0.30254142524308064,0.07954545454545454,0.03906485712225406,0.15519881257322343,42,9,7,81,True,True,True
Logistic Regression,Age,Age ≥25,233,131,102,0.5622317596566524,134,0.575107296137339,0.5109218596799112,0.6368563214471417,0.8927038626609443,0.8955223880597015,0.916030534351145,0.8558897996241043,0.9524669250309078,0.08396946564885496,0.04753307496909216,0.14411020037589567,0.13725490196078433,0.0835536662073448,0.21728741417342265,120,11,14,88,True,True,True
Logistic Regression,International status,International=0,859,276,583,0.3213038416763679,265,0.3084982537834691,0.2785209676123273,0.3401807108516776,0.8917345750873108,0.8452830188679246,0.8115942028985508,0.7613025284709044,0.8533312028026575,0.18840579710144928,0.14666879719734258,0.23869747152909573,0.07032590051457976,0.05226058974237076,0.09401649673546526,224,52,41,542,True,True,True
Logistic Regression,International status,International=1,26,8,18,0.3076923076923077,9,0.34615384615384615,0.19412230322940524,0.5377942881118918,0.8846153846153846,0.7777777777777778,0.875,0.5291118177871466,0.9775825085499432,0.125,0.02241749145005667,0.47088818221285345,0.1111111111111111,0.03101952264561239,0.32799765130178793,7,1,2,16,False,False,False
Logistic Regression,Scholarship status,Scholarship holder=0,654,255,399,0.38990825688073394,255,0.38990825688073394,0.3532750030663482,0.42782727002822474,0.8746177370030581,0.8392156862745098,0.8392156862745098,0.7891494431288135,0.8792133484742171,0.1607843137254902,0.12078665152578294,0.21085055687118653,0.10275689223057644,0.07665282193961837,0.13643710944925191,214,41,41,358,True,True,True
Logistic Regression,Scholarship status,Scholarship holder=1,231,29,202,0.12554112554112554,19,0.08225108225108226,0.05328688669432303,0.12488207474378857,0.9393939393939394,0.8947368421052632,0.5862068965517241,0.4073783598787859,0.7448682265867759,0.41379310344827586,0.255131773413224,0.592621640121214,0.009900990099009901,0.002719421234626599,0.03537523115279512,17,12,2,200,False,True,True
Logistic Regression,Debtor status,Debtor=0,795,232,563,0.2918238993710692,216,0.27169811320754716,0.2419291621243361,0.30366277480907483,0.8918238993710692,0.8379629629629629,0.7801724137931034,0.7225586503423691,0.8286591069173355,0.21982758620689655,0.1713408930826645,0.2774413496576309,0.06216696269982238,0.04503648322508148,0.08523179138969399,181,51,35,528,True,True,True
Logistic Regression,Debtor status,Debtor=1,90,52,38,0.5777777777777777,58,0.6444444444444445,0.5415017311001209,0.7355613104035181,0.8888888888888888,0.8620689655172413,0.9615384615384616,0.8701881084254424,0.9893882889986847,0.038461538461538464,0.010611711001315298,0.1298118915745576,0.21052631578947367,0.11074791842995882,0.363457794753274,50,2,8,30,True,True,True
Logistic Regression,Tuition-fee status,Tuition fees up to date=0,114,98,16,0.8596491228070176,102,0.8947368421052632,0.8249848769106366,0.9387531224376463,0.9298245614035088,0.9411764705882353,0.9795918367346939,0.9286178889362801,0.994385385844965,0.02040816326530612,0.0056146141550348985,0.07138211106371994,0.375,0.18481232558863642,0.6135895945449727,96,2,6,10,True,False,True
Logistic Regression,Tuition-fee status,Tuition fees up to date=1,771,186,585,0.24124513618677043,172,0.2230869001297017,0.1951143170596104,0.253805206877722,0.8858625162127107,0.7848837209302325,0.7258064516129032,0.6576141914342754,0.7848602844879639,0.27419354838709675,0.21513971551203603,0.34238580856572454,0.06324786324786325,0.04623170372882872,0.08596255272959318,135,51,37,548,True,True,True
Random Forest,Gender,Gender=0,564,138,426,0.24468085106382978,121,0.21453900709219859,0.18265127807719922,0.2502890347545957,0.8953900709219859,0.8264462809917356,0.7246376811594203,0.6447903915243016,0.7923173519766729,0.2753623188405797,0.20768264802332714,0.3552096084756984,0.04929577464788732,0.032465612612065556,0.0741817520848252,100,38,21,405,True,True,True
Random Forest,Gender,Gender=1,321,146,175,0.45482866043613707,141,0.4392523364485981,0.3859958458221001,0.49394558732628624,0.8348909657320872,0.8297872340425532,0.8013698630136986,0.7292972468986942,0.8579901480091736,0.19863013698630136,0.14200985199082636,0.27070275310130587,0.13714285714285715,0.09392182261001644,0.1959520084498734,117,29,24,151,True,True,True
Random Forest,Age,Age ≤20,513,102,411,0.19883040935672514,86,0.16764132553606237,0.1378125994060944,0.2024106079618311,0.8791423001949318,0.7325581395348837,0.6176470588235294,0.5206975536972437,0.7060566905035887,0.38235294117647056,0.29394330949641145,0.4793024463027564,0.05596107055961071,0.03757598714892202,0.08256981255582005,63,39,23,388,True,True,True
Random Forest,Age,Age 21–24,139,51,88,0.3669064748201439,48,0.34532374100719426,0.2713990184612785,0.4275679316454339,0.8489208633093526,0.8125,0.7647058823529411,0.6323777483983472,0.8599505116553715,0.23529411764705882,0.1400494883446285,0.36762225160165285,0.10227272727272728,0.054744500611827326,0.18307248423524602,39,12,9,79,True,True,True
Random Forest,Age,Age ≥25,233,131,102,0.5622317596566524,128,0.5493562231759657,0.48518366164610294,0.6119277145231032,0.8755364806866953,0.8984375,0.8778625954198473,0.8107911499346616,0.9234044073208081,0.12213740458015267,0.07659559267919186,0.18920885006533839,0.12745098039215685,0.0760183353625913,0.2059265580014401,115,16,13,89,True,True,True
Random Forest,International status,International=0,859,276,583,0.3213038416763679,253,0.29452852153667053,0.2650146756578319,0.32587192767892714,0.8731082654249127,0.8300395256916996,0.7608695652173914,0.7071840476690523,0.8073930296762553,0.2391304347826087,0.19260697032374474,0.2928159523309478,0.07375643224699828,0.05521626930242547,0.09787696818157553,210,66,43,540,True,True,True
Random Forest,International status,International=1,26,8,18,0.3076923076923077,9,0.34615384615384615,0.19412230322940524,0.5377942881118918,0.8846153846153846,0.7777777777777778,0.875,0.5291118177871466,0.9775825085499432,0.125,0.02241749145005667,0.47088818221285345,0.1111111111111111,0.03101952264561239,0.32799765130178793,7,1,2,16,False,False,False
Random Forest,Scholarship status,Scholarship holder=0,654,255,399,0.38990825688073394,240,0.3669724770642202,0.3309099290536459,0.4045886509356298,0.8547400611620795,0.8333333333333334,0.7843137254901961,0.7298111588171479,0.830377308133369,0.21568627450980393,0.16962269186663106,0.270188841182852,0.10025062656641603,0.07448770884179928,0.13363749025299448,200,55,40,359,True,True,True
Random Forest,Scholarship status,Scholarship holder=1,231,29,202,0.12554112554112554,22,0.09523809523809523,0.0637363404567535,0.1399817724392406,0.9264069264069265,0.7727272727272727,0.5862068965517241,0.4073783598787859,0.7448682265867759,0.41379310344827586,0.255131773413224,0.592621640121214,0.024752475247524754,0.010618076934635495,0.056625222350137075,17,12,5,197,False,True,True
Random Forest,Debtor status,Debtor=0,795,232,563,0.2918238993710692,206,0.2591194968553459,0.22987197951597566,0.29068370049916586,0.8742138364779874,0.8203883495145631,0.728448275862069,0.6678426255840706,0.781611853412304,0.27155172413793105,0.21838814658769606,0.33215737441592946,0.06571936056838366,0.048052534473616126,0.08927238700026868,169,63,37,526,True,True,True
Random Forest,Debtor status,Debtor=1,90,52,38,0.5777777777777777,56,0.6222222222222222,0.5189976405818348,0.715440317613552,0.8666666666666667,0.8571428571428571,0.9230769230769231,0.8182643761570467,0.9696806548150698,0.07692307692307693,0.030319345184930138,0.18173562384295333,0.21052631578947367,0.11074791842995882,0.363457794753274,48,4,8,30,True,True,True
Random Forest,Tuition-fee status,Tuition fees up to date=0,114,98,16,0.8596491228070176,98,0.8596491228070176,0.7841242430114448,0.9117259341725463,0.8947368421052632,0.9387755102040817,0.9387755102040817,0.8728091282684823,0.9716406763186144,0.061224489795918366,0.028359323681385662,0.1271908717315177,0.375,0.18481232558863642,0.6135895945449727,92,6,6,10,True,False,True
Random Forest,Tuition-fee status,Tuition fees up to date=1,771,186,585,0.24124513618677043,164,0.2127107652399481,0.18528588794914896,0.24298425046827077,0.8702983138780804,0.7621951219512195,0.6720430107526881,0.6016890093194713,0.7354344009069966,0.3279569892473118,0.2645655990930033,0.3983109906805286,0.06666666666666667,0.04914874202073295,0.08983851438713379,125,61,39,546,True,True,True
Gradient Boosting,Gender,Gender=0,564,138,426,0.24468085106382978,124,0.2198581560283688,0.18763687968136628,0.2558697627249915,0.9078014184397163,0.8467741935483871,0.7608695652173914,0.6832527787396727,0.824356213713072,0.2391304347826087,0.17564378628692803,0.3167472212603274,0.04460093896713615,0.028736383510198058,0.06860522456895199,105,33,19,407,True,True,True
Gradient Boosting,Gender,Gender=1,321,146,175,0.45482866043613707,136,0.4236760124610592,0.3708353451258337,0.4783218401118825,0.838006230529595,0.8455882352941176,0.7876712328767124,0.7144021955106947,0.846190317810452,0.21232876712328766,0.15380968218954819,0.2855978044893053,0.12,0.07984170687522998,0.17648285636071762,115,31,21,154,True,True,True
Gradient Boosting,Age,Age ≤20,513,102,411,0.19883040935672514,84,0.16374269005847952,0.13424201881762876,0.19824187133467125,0.8869395711500975,0.7619047619047619,0.6274509803921569,0.5306001919994485,0.7150502392181197,0.37254901960784315,0.2849497607818803,0.4693998080005516,0.04866180048661801,0.03171892460572824,0.07396351838183152,64,38,20,391,True,True,True
Gradient Boosting,Age,Age 21–24,139,51,88,0.3669064748201439,49,0.35251798561151076,0.278036359352847,0.43493212795820424,0.8561151079136691,0.8163265306122449,0.7843137254901961,0.6537364041400255,0.8750606159176724,0.21568627450980393,0.12493938408232767,0.3462635958599745,0.10227272727272728,0.054744500611827326,0.18307248423524602,40,11,9,79,True,True,True
Gradient Boosting,Age,Age ≥25,233,131,102,0.5622317596566524,127,0.5450643776824035,0.48091043083394747,0.6077564778422845,0.8884120171673819,0.9133858267716536,0.8854961832061069,0.8196581083613613,0.9293696823740171,0.11450381679389313,0.07063031762598301,0.18034189163863876,0.10784313725490197,0.06129319723302051,0.18285932209753888,116,15,11,91,True,True,True
Gradient Boosting,International status,International=0,859,276,583,0.3213038416763679,251,0.29220023282887075,0.2627669124733934,0.3234838450088247,0.880093131548312,0.8446215139442231,0.7681159420289855,0.714851548060456,0.8140193369888877,0.2318840579710145,0.1859806630111123,0.28514845193954397,0.06689536878216124,0.04931868162723109,0.09014225384443995,212,64,39,544,True,True,True
Gradient Boosting,International status,International=1,26,8,18,0.3076923076923077,9,0.34615384615384615,0.19412230322940524,0.5377942881118918,0.9615384615384616,0.8888888888888888,1.0,0.6755924351161198,1.0,0.0,0.0,0.3244075648838801,0.05555555555555555,0.00987519097830307,0.25757300781872583,8,0,1,17,False,False,False
Gradient Boosting,Scholarship status,Scholarship holder=0,654,255,399,0.38990825688073394,238,0.363914373088685,0.3279345850234546,0.4014835025517814,0.8700305810397554,0.8571428571428571,0.8,0.7466153223546255,0.8444800944966098,0.2,0.15551990550339037,0.2533846776453746,0.08521303258145363,0.06161870532761632,0.11671810000271826,204,51,34,365,True,True,True
Gradient Boosting,Scholarship status,Scholarship holder=1,231,29,202,0.12554112554112554,22,0.09523809523809523,0.0637363404567535,0.1399817724392406,0.9177489177489178,0.7272727272727273,0.5517241379310345,0.37547963210970925,0.715868319769628,0.4482758620689655,0.28413168023037205,0.6245203678902908,0.0297029702970297,0.01368277495906237,0.0632767399581605,16,13,6,196,False,True,True
Gradient Boosting,Debtor status,Debtor=0,795,232,563,0.2918238993710692,202,0.2540880503144654,0.22505809170134533,0.28548308554648844,0.8867924528301887,0.8514851485148515,0.7413793103448276,0.6814252086618812,0.7934700899003261,0.25862068965517243,0.20652991009967403,0.31857479133811895,0.05328596802841918,0.03757729256973964,0.0750493648972625,172,60,30,533,True,True,True
Gradient Boosting,Debtor status,Debtor=1,90,52,38,0.5777777777777777,58,0.6444444444444445,0.5415017311001209,0.7355613104035181,0.8444444444444444,0.8275862068965517,0.9230769230769231,0.8182643761570467,0.9696806548150698,0.07692307692307693,0.030319345184930138,0.18173562384295333,0.2631578947368421,0.1497162125479814,0.42008846187466353,48,4,10,28,True,True,True
Gradient Boosting,Tuition-fee status,Tuition fees up to date=0,114,98,16,0.8596491228070176,106,0.9298245614035088,0.8676111649415449,0.96401465657103,0.8947368421052632,0.9056603773584906,0.9795918367346939,0.9286178889362801,0.994385385844965,0.02040816326530612,0.0056146141550348985,0.07138211106371994,0.625,0.3864104054550273,0.8151876744113637,96,2,10,6,True,False,True
Gradient Boosting,Tuition-fee status,Tuition fees up to date=1,771,186,585,0.24124513618677043,154,0.19974059662775617,0.173039105252156,0.22941930126537302,0.880674448767834,0.8051948051948052,0.6666666666666666,0.5961520613985545,0.7304362422583364,0.3333333333333333,0.2695637577416636,0.40384793860144547,0.05128205128205128,0.03615489385144503,0.07226386278391994,124,62,30,555,True,True,True
