Variable,Pandas_Dtype,Unique_Values,Missing_Count,Missing_Percentage,Dominant_Value,Dominant_Count,Dominant_Percentage,Zero_Count,Zero_Percentage,Minimum,Maximum,Semantic_Type,Conceptual_Group,First_Available_Stage
Marital status,int64,6,0,0.0,1.0,3919,88.58,0,0.0,1.0,6.0,Nominal categorical,Demographic,Stage 1
Application mode,int64,18,0,0.0,1.0,1708,38.61,0,0.0,1.0,57.0,Nominal categorical,Application / enrolment,Stage 1
Application order,int64,8,0,0.0,1.0,3026,68.4,1,0.02,0.0,9.0,Ordinal discrete,Application / enrolment,Stage 1
Course,int64,17,0,0.0,9500.0,766,17.31,0,0.0,33.0,9991.0,Nominal categorical,Application / enrolment,Stage 1
Daytime/evening attendance,int64,2,0,0.0,1.0,3941,89.08,483,10.92,0.0,1.0,Binary categorical,Application / enrolment,Stage 1
Previous qualification,int64,17,0,0.0,1.0,3717,84.02,0,0.0,1.0,43.0,Nominal categorical,Prior academic / enrolment,Stage 1
Previous qualification (grade),float64,101,0,0.0,133.1,491,11.1,0,0.0,95.0,190.0,Continuous numerical,Prior academic / enrolment,Stage 1
Nacionality,int64,21,0,0.0,1.0,4314,97.51,0,0.0,1.0,109.0,Nominal categorical,Demographic,Stage 1
Mother's qualification,int64,29,0,0.0,1.0,1069,24.16,0,0.0,1.0,44.0,Nominal categorical,Socioeconomic / family background,Stage 1
Father's qualification,int64,34,0,0.0,37.0,1209,27.33,0,0.0,1.0,44.0,Nominal categorical,Socioeconomic / family background,Stage 1
Mother's occupation,int64,32,0,0.0,9.0,1577,35.65,144,3.25,0.0,194.0,Nominal categorical,Socioeconomic / family background,Stage 1
Father's occupation,int64,46,0,0.0,9.0,1010,22.83,128,2.89,0.0,195.0,Nominal categorical,Socioeconomic / family background,Stage 1
Admission grade,float64,620,0,0.0,130.0,162,3.66,0,0.0,95.0,190.0,Continuous numerical,Prior academic / enrolment,Stage 1
Displaced,int64,2,0,0.0,1.0,2426,54.84,1998,45.16,0.0,1.0,Binary categorical,Demographic / socioeconomic,Stage 1
Educational special needs,int64,2,0,0.0,0.0,4373,98.85,4373,98.85,0.0,1.0,Binary categorical,Demographic,Stage 1
Debtor,int64,2,0,0.0,0.0,3921,88.63,3921,88.63,0.0,1.0,Binary categorical,Socioeconomic / financial,Stage 1
Tuition fees up to date,int64,2,0,0.0,1.0,3896,88.07,528,11.93,0.0,1.0,Binary categorical,Socioeconomic / financial,Stage 1
Gender,int64,2,0,0.0,0.0,2868,64.83,2868,64.83,0.0,1.0,Binary categorical,Demographic,Stage 1
Scholarship holder,int64,2,0,0.0,0.0,3325,75.16,3325,75.16,0.0,1.0,Binary categorical,Socioeconomic / financial,Stage 1
Age at enrollment,int64,46,0,0.0,18.0,1036,23.42,0,0.0,17.0,70.0,Numerical,Demographic,Stage 1
International,int64,2,0,0.0,0.0,4314,97.51,4314,97.51,0.0,1.0,Binary categorical,Demographic,Stage 1
Curricular units 1st sem (credited),int64,21,0,0.0,0.0,3847,86.96,3847,86.96,0.0,20.0,Discrete count,Semester 1 academic,Stage 2
Curricular units 1st sem (enrolled),int64,23,0,0.0,6.0,1910,43.17,180,4.07,0.0,26.0,Discrete count,Semester 1 academic,Stage 2
Curricular units 1st sem (evaluations),int64,35,0,0.0,8.0,791,17.88,349,7.89,0.0,45.0,Discrete count,Semester 1 academic,Stage 2
Curricular units 1st sem (approved),int64,23,0,0.0,6.0,1171,26.47,718,16.23,0.0,26.0,Discrete count,Semester 1 academic,Stage 2
Curricular units 1st sem (grade),float64,805,0,0.0,0.0,718,16.23,718,16.23,0.0,18.875,Continuous numerical,Semester 1 academic,Stage 2
Curricular units 1st sem (without evaluations),int64,11,0,0.0,0.0,4130,93.35,4130,93.35,0.0,12.0,Discrete count,Semester 1 academic,Stage 2
Curricular units 2nd sem (credited),int64,19,0,0.0,0.0,3894,88.02,3894,88.02,0.0,19.0,Discrete count,Semester 2 academic,Stage 3
Curricular units 2nd sem (enrolled),int64,22,0,0.0,6.0,1913,43.24,180,4.07,0.0,23.0,Discrete count,Semester 2 academic,Stage 3
Curricular units 2nd sem (evaluations),int64,30,0,0.0,8.0,792,17.9,401,9.06,0.0,33.0,Discrete count,Semester 2 academic,Stage 3
Curricular units 2nd sem (approved),int64,20,0,0.0,6.0,965,21.81,870,19.67,0.0,20.0,Discrete count,Semester 2 academic,Stage 3
Curricular units 2nd sem (grade),float64,786,0,0.0,0.0,870,19.67,870,19.67,0.0,18.571428571428573,Continuous numerical,Semester 2 academic,Stage 3
Curricular units 2nd sem (without evaluations),int64,10,0,0.0,0.0,4142,93.63,4142,93.63,0.0,12.0,Discrete count,Semester 2 academic,Stage 3
Unemployment rate,float64,10,0,0.0,7.6,571,12.91,0,0.0,7.6,16.2,Continuous numerical,Macroeconomic,Stage 1
Inflation rate,float64,9,0,0.0,1.4,893,20.19,0,0.0,-0.8,3.7,Continuous numerical,Macroeconomic,Stage 1
GDP,float64,10,0,0.0,0.32,571,12.91,0,0.0,-4.06,3.51,Continuous numerical,Macroeconomic,Stage 1
