Source_Feature,Source_Value,SHAP_Value,Source_Value_Display,Display_Label,Abs_SHAP,Local_Importance_Share,Direction,Actionability,Research_Group,Local_Rank,Case_Label,Student_Index
Curricular units 2nd sem (approved),0.0,2.3183290521780697,0,Curricular units 2nd sem (approved) = 0,2.3183290521780697,0.20610953402437837,Raises modelled dropout risk,Actionable,Academic,1,High-confidence true positive,3533
Tuition fees up to date,0.0,1.4650587065437608,No,Tuition fees up to date = No,1.4650587065437608,0.13025008983966244,Raises modelled dropout risk,Semi-actionable,Socioeconomic,2,High-confidence true positive,3533
Curricular units 1st sem (approved),0.0,1.3913109547741516,0,Curricular units 1st sem (approved) = 0,1.3913109547741516,0.12369359401423195,Raises modelled dropout risk,Actionable,Academic,3,High-confidence true positive,3533
Age at enrollment,45.0,0.679518763401024,45 years,Age at enrollment = 45 years,0.679518763401024,0.06041217296303342,Raises modelled dropout risk,Non-actionable,Demographic,4,High-confidence true positive,3533
Mother's occupation,0.0,0.5503097075135437,Student,Mother's occupation = Student,0.5503097075135437,0.048924926027280956,Raises modelled dropout risk,Non-actionable,Socioeconomic,5,High-confidence true positive,3533
Debtor,1.0,0.5472924798679071,Yes,Debtor = Yes,0.5472924798679071,0.04865668136912797,Raises modelled dropout risk,Semi-actionable,Socioeconomic,6,High-confidence true positive,3533
Mother's qualification,34.0,0.5435225222897822,Unknown,Mother's qualification = Unknown,0.5435225222897822,0.04832151574672033,Raises modelled dropout risk,Non-actionable,Socioeconomic,7,High-confidence true positive,3533
Father's qualification,34.0,0.5238579450722054,Unknown,Father's qualification = Unknown,0.5238579450722054,0.04657324932039344,Raises modelled dropout risk,Non-actionable,Socioeconomic,8,High-confidence true positive,3533
Curricular units 2nd sem (approved),13.0,-4.45431761710618,13,Curricular units 2nd sem (approved) = 13,4.45431761710618,0.2507351288249847,Lowers modelled dropout risk,Actionable,Academic,1,High-confidence true negative,894
Curricular units 1st sem (approved),18.0,-3.826105125628917,18,Curricular units 1st sem (approved) = 18,3.826105125628917,0.2153728234125682,Lowers modelled dropout risk,Actionable,Academic,2,High-confidence true negative,894
Curricular units 2nd sem (enrolled),13.0,2.1371277902129013,13,Curricular units 2nd sem (enrolled) = 13,2.1371277902129013,0.12029968624972288,Raises modelled dropout risk,Semi-actionable,Academic,3,High-confidence true negative,894
Curricular units 1st sem (enrolled),18.0,1.629476165033525,18,Curricular units 1st sem (enrolled) = 18,1.629476165033525,0.09172379504054205,Raises modelled dropout risk,Semi-actionable,Academic,4,High-confidence true negative,894
Curricular units 2nd sem (credited),9.0,1.4518689370306563,9,Curricular units 2nd sem (credited) = 9,1.4518689370306563,0.08172622077180841,Raises modelled dropout risk,Non-actionable,Academic,5,High-confidence true negative,894
Curricular units 1st sem (credited),11.0,0.7097767911949193,11,Curricular units 1st sem (credited) = 11,0.7097767911949193,0.03995358896136842,Raises modelled dropout risk,Non-actionable,Academic,6,High-confidence true negative,894
Curricular units 2nd sem (without evaluations),5.0,-0.5751874309887824,5,Curricular units 2nd sem (without evaluations) = 5,0.5751874309887824,0.03237750582796991,Lowers modelled dropout risk,Semi-actionable,Academic,7,High-confidence true negative,894
Curricular units 1st sem (without evaluations),10.0,-0.516905306499404,10,Curricular units 1st sem (without evaluations) = 10,0.516905306499404,0.029096784234180214,Lowers modelled dropout risk,Semi-actionable,Academic,8,High-confidence true negative,894
Age at enrollment,53.0,0.9270665824906504,53 years,Age at enrollment = 53 years,0.9270665824906504,0.1090238823368844,Raises modelled dropout risk,Non-actionable,Demographic,1,High-confidence false positive,2447
Curricular units 2nd sem (enrolled),9.0,0.8379619602962443,9,Curricular units 2nd sem (enrolled) = 9,0.8379619602962443,0.09854509685451215,Raises modelled dropout risk,Semi-actionable,Academic,2,High-confidence false positive,2447
Curricular units 1st sem (approved),2.0,0.8115980569515884,2,Curricular units 1st sem (approved) = 2,0.8115980569515884,0.09544467758530854,Raises modelled dropout risk,Actionable,Academic,3,High-confidence false positive,2447
Curricular units 2nd sem (approved),3.0,0.7554105900355509,3,Curricular units 2nd sem (approved) = 3,0.7554105900355509,0.08883697982383364,Raises modelled dropout risk,Actionable,Academic,4,High-confidence false positive,2447
Curricular units 1st sem (enrolled),11.0,0.6470185289237339,11,Curricular units 1st sem (enrolled) = 11,0.6470185289237339,0.07608997379417094,Raises modelled dropout risk,Semi-actionable,Academic,5,High-confidence false positive,2447
Curricular units 2nd sem (credited),4.0,0.5937903690456349,4,Curricular units 2nd sem (credited) = 4,0.5937903690456349,0.06983029326079644,Raises modelled dropout risk,Non-actionable,Academic,6,High-confidence false positive,2447
Curricular units 2nd sem (without evaluations),4.0,-0.4561010063534237,4,Curricular units 2nd sem (without evaluations) = 4,0.4561010063534237,0.05363789763278596,Lowers modelled dropout risk,Semi-actionable,Academic,7,High-confidence false positive,2447
Curricular units 1st sem (credited),7.0,0.43386744573528113,7,Curricular units 1st sem (credited) = 7,0.43386744573528113,0.051023210465171644,Raises modelled dropout risk,Non-actionable,Academic,8,High-confidence false positive,2447
Curricular units 2nd sem (approved),10.0,-2.89139915496366,10,Curricular units 2nd sem (approved) = 10,2.89139915496366,0.2784597105790424,Lowers modelled dropout risk,Actionable,Academic,1,High-confidence false negative,4244
Curricular units 1st sem (approved),12.0,-2.086966432161227,12,Curricular units 1st sem (approved) = 12,2.086966432161227,0.2009878392923221,Lowers modelled dropout risk,Actionable,Academic,2,High-confidence false negative,4244
Curricular units 2nd sem (enrolled),11.0,1.4875448752545728,11,Curricular units 2nd sem (enrolled) = 11,1.4875448752545728,0.14325981756120842,Raises modelled dropout risk,Semi-actionable,Academic,3,High-confidence false negative,4244
Curricular units 1st sem (enrolled),12.0,0.7873696197965613,12,Curricular units 1st sem (enrolled) = 12,0.7873696197965613,0.07582858840879642,Raises modelled dropout risk,Semi-actionable,Academic,4,High-confidence false negative,4244
Curricular units 2nd sem (credited),4.0,0.5937903690456349,4,Curricular units 2nd sem (credited) = 4,0.5937903690456349,0.05718570333854456,Raises modelled dropout risk,Non-actionable,Academic,5,High-confidence false negative,4244
Curricular units 1st sem (credited),6.0,0.3648901093703716,6,Curricular units 1st sem (credited) = 6,0.3648901093703716,0.03514118556547266,Raises modelled dropout risk,Non-actionable,Academic,6,High-confidence false negative,4244
Course,171.0,-0.2697127986542877,Animation and Multimedia Design,Course = Animation and Multimedia Design,0.2697127986542877,0.025975018953645793,Lowers modelled dropout risk,Non-actionable,Application / enrolment,7,High-confidence false negative,4244
Unemployment rate,8.9,-0.26194700294424683,8.90%,Unemployment rate = 8.90%,0.26194700294424683,0.025227124557217803,Lowers modelled dropout risk,Non-actionable,Macroeconomic,8,High-confidence false negative,4244
