Stage,Model,Academic,Demographic,Socioeconomic,Academic_gt_Demographic,Academic_gt_Socioeconomic,Academic_gt_Both
Stage 1,Gradient Boosting,0.05733341313459527,0.22234699979393382,0.4916334514135483,False,False,False
Stage 1,Logistic Regression,0.07286034541979053,0.14327117027887284,0.45654895895619935,False,False,False
Stage 1,Random Forest,0.08922603881172717,0.21958755281126327,0.45697165618193347,False,False,False
Stage 2,Gradient Boosting,0.5037424591133356,0.13774085716938644,0.24809829594368515,True,True,True
Stage 2,Logistic Regression,0.4622571379294293,0.086468246138783,0.23687930372098334,True,True,True
Stage 2,Random Forest,0.45514553762158316,0.12061324517813705,0.28766343438698055,True,True,True
Stage 3,Gradient Boosting,0.6093464829556398,0.09399318294654878,0.2055931118253433,True,True,True
Stage 3,Logistic Regression,0.5887635858463969,0.0641550446975487,0.1921311209536117,True,True,True
Stage 3,Random Forest,0.6092464273037602,0.08450477273320879,0.20684995752893126,True,True,True
