Model,Metric,Stage_1,Stage_2,Stage_3,Change_1_to_2,Change_2_to_3,Change_1_to_3
Logistic Regression,Accuracy,0.7412,0.8398,0.8632,0.0986,0.0234,0.122
Logistic Regression,Precision,0.5859,0.7384,0.7783,0.1525,0.0399,0.1924
Logistic Regression,Recall,0.6702,0.7775,0.8039,0.1073,0.0264,0.1337
Logistic Regression,F1,0.6247,0.7573,0.7906,0.1326,0.0333,0.1659
Logistic Regression,ROC_AUC,0.8005,0.8955,0.9145,0.095,0.019,0.114
Random Forest,Accuracy,0.7587,0.8454,0.8607,0.0867,0.0153,0.102
Random Forest,Precision,0.6212,0.7711,0.7926,0.1499,0.0215,0.1714
Random Forest,Recall,0.6385,0.7388,0.7678,0.1003,0.029,0.1293
Random Forest,F1,0.6296,0.7544,0.7799,0.1248,0.0255,0.1503
Random Forest,ROC_AUC,0.8102,0.8917,0.9111,0.0815,0.0194,0.1009
Gradient Boosting,Accuracy,0.7706,0.8406,0.8587,0.07,0.0181,0.0881
Gradient Boosting,Precision,0.6647,0.7476,0.7766,0.0829,0.029,0.1119
Gradient Boosting,Recall,0.5805,0.7625,0.7889,0.182,0.0264,0.2084
Gradient Boosting,F1,0.6194,0.7546,0.7824,0.1352,0.0278,0.163
Gradient Boosting,ROC_AUC,0.8089,0.8911,0.9124,0.0822,0.0213,0.1035
