Required_Artifact,File_Name,Exists,Non_Empty,File_Size_Bytes
Phase 17 SHAP background indices,phase17_shap_background_indices.csv,True,True,2136
Phase 17 SHAP background sensitivity indices,phase17_shap_background_sensitivity_indices.csv,True,True,6303
Phase 17 SHAP background audit,phase17_shap_background_audit.csv,True,True,1094
Phase 17 SHAP additivity audit,phase17_shap_additivity_audit.csv,True,True,1033
Phase 17 SHAP background sensitivity results,phase17_shap_background_sensitivity.csv,True,True,1044
Phase 19 fairness subgroup metrics,phase19_subgroup_performance.csv,True,True,15053
Phase 19 fairness gap summary,phase19_subgroup_gap_summary.csv,True,True,1945
Phase 20 SHAP plot-scope audit,phase20_shap_summary_plot_scope.csv,True,True,7202
Phase 21 hypothesis assessment,phase21_final_hypothesis_assessment.csv,True,True,1650
Phase 21 research alignment,phase21_final_research_alignment.csv,True,True,1720
Phase 21 implementation refinements,phase21_implementation_refinement_register.csv,True,True,4185
Phase 21 unseen-category audit,phase21_unseen_category_audit.csv,True,True,12687
Phase 21 limitation register,phase21_final_limitation_register.csv,True,True,5249
Phase 21 integrity summary,phase21_integrity_summary.csv,True,True,3951
Phase 21 synthesis export register,phase21_synthesis_export_register.csv,True,True,1545
