Background_Position,Student_Index,Source_Partition,Random_State
1,184,Training,42
2,271,Training,42
3,292,Training,42
4,327,Training,42
5,361,Training,42
6,374,Training,42
7,388,Training,42
8,394,Training,42
9,414,Training,42
10,529,Training,42
11,552,Training,42
12,594,Training,42
13,646,Training,42
14,680,Training,42
15,692,Training,42
16,762,Training,42
17,803,Training,42
18,821,Training,42
19,838,Training,42
20,961,Training,42
21,976,Training,42
22,1036,Training,42
23,1180,Training,42
24,1257,Training,42
25,1358,Training,42
26,1410,Training,42
27,1437,Training,42
28,1534,Training,42
29,1580,Training,42
30,1598,Training,42
31,1618,Training,42
32,1711,Training,42
33,1748,Training,42
34,1798,Training,42
35,1868,Training,42
36,1893,Training,42
37,1921,Training,42
38,1923,Training,42
39,1924,Training,42
40,1941,Training,42
41,1945,Training,42
42,1956,Training,42
43,2029,Training,42
44,2035,Training,42
45,2060,Training,42
46,2087,Training,42
47,2168,Training,42
48,2178,Training,42
49,2217,Training,42
50,2279,Training,42
51,2370,Training,42
52,2392,Training,42
53,2415,Training,42
54,2492,Training,42
55,2754,Training,42
56,2780,Training,42
57,2795,Training,42
58,2819,Training,42
59,2820,Training,42
60,2943,Training,42
61,2950,Training,42
62,2981,Training,42
63,3001,Training,42
64,3013,Training,42
65,3016,Training,42
66,3047,Training,42
67,3080,Training,42
68,3091,Training,42
69,3163,Training,42
70,3243,Training,42
71,3250,Training,42
72,3280,Training,42
73,3291,Training,42
74,3307,Training,42
75,3318,Training,42
76,3371,Training,42
77,3372,Training,42
78,3380,Training,42
79,3474,Training,42
80,3532,Training,42
81,3544,Training,42
82,3573,Training,42
83,3609,Training,42
84,3647,Training,42
85,3651,Training,42
86,3674,Training,42
87,3695,Training,42
88,3710,Training,42
89,3836,Training,42
90,3874,Training,42
91,3938,Training,42
92,3939,Training,42
93,3983,Training,42
94,4007,Training,42
95,4108,Training,42
96,4185,Training,42
97,4205,Training,42
98,4214,Training,42
99,4359,Training,42
100,4379,Training,42
