Stage,Research_Group,Mean_Importance_Share,Std_Importance_Share,Stage_Group_Rank
Stage 1,Socioeconomic,0.46838468885056034,0.02013512822826817,1
Stage 1,Application / enrolment,0.20298558583587759,0.04608959670671741,2
Stage 1,Demographic,0.19506857429468996,0.044879081251691016,3
Stage 1,Academic,0.073139932455371,0.015948150984620803,4
Stage 1,Macroeconomic,0.050703868291131604,0.01613514436442685,5
Stage 1,Demographic / socioeconomic,0.009717350272369404,0.006346077289727695,6
Stage 2,Academic,0.473715044888116,0.026246483926886804,1
Stage 2,Socioeconomic,0.2575470113505497,0.026677999344126405,2
Stage 2,Demographic,0.11494078282876884,0.026102735149838987,3
Stage 2,Application / enrolment,0.09641588189521196,0.028883657464976804,4
Stage 2,Macroeconomic,0.04293194972247053,0.020866661555638967,5
Stage 2,Demographic / socioeconomic,0.01444932931488292,0.0110436148565396,6
Stage 3,Academic,0.6024521653685989,0.011854763168663714,1
Stage 3,Socioeconomic,0.20152473010262875,0.008159340347971115,2
Stage 3,Demographic,0.08088433345910208,0.015244976515060007,3
Stage 3,Application / enrolment,0.07654870604516499,0.017731508851234378,4
Stage 3,Macroeconomic,0.0294916760077391,0.010939296563501781,5
Stage 3,Demographic / socioeconomic,0.009098389016766182,0.007854536442528644,6
