Model,Earlier_Stage,Later_Stage,Metric,Point_Difference_Later_Minus_Earlier,CI_Lower,CI_Upper,Interval_Contains_Zero
Logistic Regression,Stage 1,Stage 2,ROC_AUC,0.07708982681446397,0.05541116917813052,0.09765560919594113,False
Logistic Regression,Stage 1,Stage 2,Recall,0.028169014084507005,-0.017605633802816878,0.073943661971831,True
Logistic Regression,Stage 1,Stage 2,F1,0.13704929213489125,0.10122604418333858,0.17121732425895053,False
Logistic Regression,Stage 2,Stage 3,ROC_AUC,0.020019451149492773,0.009930046167186303,0.031180866396381613,False
Logistic Regression,Stage 2,Stage 3,Recall,0.028169014084507116,-0.007042253521126751,0.06338028169014087,True
Logistic Regression,Stage 2,Stage 3,F1,0.04136086931785865,0.014200459751178807,0.06906290796932943,False
Random Forest,Stage 1,Stage 2,ROC_AUC,0.07648637247779533,0.05450335122214159,0.09788043987719994,False
Random Forest,Stage 1,Stage 2,Recall,0.09859154929577463,0.04929577464788737,0.147887323943662,False
Random Forest,Stage 1,Stage 2,F1,0.10283993115318413,0.0647088032765447,0.1410400594132763,False
Random Forest,Stage 2,Stage 3,ROC_AUC,0.026446532774015097,0.016354784279721694,0.03777170092100023,False
Random Forest,Stage 2,Stage 3,Recall,0.0035211267605633756,-0.03169014084507049,0.03873239436619724,True
Random Forest,Stage 2,Stage 3,F1,0.04487179487179482,0.016815276336865446,0.07275970866647297,False
Gradient Boosting,Stage 1,Stage 2,ROC_AUC,0.07237057955051429,0.04950625131822572,0.09461087448149795,False
Gradient Boosting,Stage 1,Stage 2,Recall,0.10563380281690138,0.05633802816901412,0.15492957746478875,False
Gradient Boosting,Stage 1,Stage 2,F1,0.13354612719404002,0.09359175183088224,0.17145051897031127,False
Gradient Boosting,Stage 2,Stage 3,ROC_AUC,0.024041503597290848,0.013530852335309693,0.035787918023950566,False
Gradient Boosting,Stage 2,Stage 3,Recall,0.017605633802816878,-0.01760563380281699,0.05633802816901401,True
Gradient Boosting,Stage 2,Stage 3,F1,0.028424255364577822,0.0013217447224020994,0.05617908706745954,False
