Stage,Consensus_Rank,Source_Feature,Mean_Model_Importance_Share,Mean_Model_Rank
Stage 1,1,Tuition fees up to date,0.17635584836005816,1.0
Stage 1,2,Scholarship holder,0.11628420270290456,3.0
Stage 1,3,Course,0.09946894168009189,4.0
Stage 1,4,Age at enrollment,0.097506075610467,5.666666666666667
Stage 1,5,Application mode,0.08614231114545699,4.333333333333333
Stage 2,1,Curricular units 1st sem (approved),0.25930215290241715,1.0
Stage 2,2,Tuition fees up to date,0.10033197111951964,2.6666666666666665
Stage 2,3,Curricular units 1st sem (grade),0.07396230681468753,7.666666666666667
Stage 2,4,Age at enrollment,0.0652341473403951,5.0
Stage 2,5,Curricular units 1st sem (enrolled),0.061834581436782776,6.0
Stage 3,1,Curricular units 2nd sem (approved),0.24551009718603023,1.0
Stage 3,2,Curricular units 1st sem (approved),0.10401224568166971,2.6666666666666665
Stage 3,3,Tuition fees up to date,0.08410550820858163,3.3333333333333335
Stage 3,4,Curricular units 2nd sem (grade),0.0742549107421011,4.666666666666667
Stage 3,5,Age at enrollment,0.051572827211592565,6.666666666666667
