Stage,Model,Brier_Score,Observed_Dropout_Rate,Mean_Predicted_Probability,Mean_Probability_Bias
Stage 1,Gradient Boosting,0.158348722422743,0.32090395480225986,0.4334767189849901,0.11257276418273021
Stage 1,Logistic Regression,0.16111122572065179,0.32090395480225986,0.4422782596330217,0.12137430483076184
Stage 1,Random Forest,0.17592576535267843,0.32090395480225986,0.4550164606285065,0.13411250582624662
Stage 2,Logistic Regression,0.10762933436972094,0.32090395480225986,0.398758448599282,0.07785449379702214
Stage 2,Gradient Boosting,0.11410941831600115,0.32090395480225986,0.40993411436371047,0.0890301595614506
Stage 2,Random Forest,0.11544154425612052,0.32090395480225986,0.37708851224105466,0.0561845574387948
Stage 3,Logistic Regression,0.09280966859079104,0.32090395480225986,0.3971351763462617,0.07623122154400186
Stage 3,Gradient Boosting,0.09595033768637258,0.32090395480225986,0.39850627794084276,0.0776023231385829
Stage 3,Random Forest,0.09617942247332077,0.32090395480225986,0.37073822975517895,0.04983427495291909
