Model,Stage,Candidate_ID,Parameters_JSON,Mean_Fit_Seconds,Accuracy_Mean,Accuracy_Std,Precision_Mean,Precision_Std,Recall_Mean,Recall_Std,F1_Mean,F1_Std,ROC_AUC_Mean,ROC_AUC_Std
Gradient Boosting,Stage 1,Stage 1_Gradient Boosting_1,"{""learning_rate"": 0.05, ""max_depth"": 2, ""n_estimators"": 100}",0.5189265600005456,0.7437149889323071,0.0163890662377058,0.5901784583392033,0.025949568881694564,0.6675399953628565,0.019958161319648428,0.6261376115618515,0.01749781264644771,0.807963174585414,0.013174819620854693
Gradient Boosting,Stage 1,Stage 1_Gradient Boosting_2,"{""learning_rate"": 0.05, ""max_depth"": 2, ""n_estimators"": 200}",1.0249553199995716,0.7499320755320084,0.013706386681283739,0.600726391023177,0.024654101931370076,0.6675709096529872,0.030874288208700917,0.6316981294370658,0.014674090295807995,0.8150833677500513,0.01418149725377884
Gradient Boosting,Stage 1,Stage 1_Gradient Boosting_3,"{""learning_rate"": 0.05, ""max_depth"": 3, ""n_estimators"": 100}",0.7248656200001278,0.7504974468391149,0.019283829702409393,0.6030512800889645,0.03337709775008991,0.6631656233093748,0.02639315440827363,0.6309428368205656,0.01909943513511024,0.8135033694859004,0.014251946533662917
Gradient Boosting,Stage 1,Stage 1_Gradient Boosting_4,"{""learning_rate"": 0.05, ""max_depth"": 3, ""n_estimators"": 200}",1.4613178999992669,0.7558666762560033,0.016693583491334697,0.6105311670172351,0.029048166921366372,0.6693291599041656,0.025131673242983817,0.6380368142536745,0.018063939623055462,0.8189554683670945,0.015990340072253643
Gradient Boosting,Stage 1,Stage 1_Gradient Boosting_5,"{""learning_rate"": 0.1, ""max_depth"": 2, ""n_estimators"": 100}",0.5236771599993517,0.7507811313819033,0.020103692989075054,0.6006116176480406,0.03288661698254909,0.678124275446325,0.03401652535234728,0.6362673700229127,0.022744548427526618,0.8152893043153954,0.0138104100546775
Gradient Boosting,Stage 1,Stage 1_Gradient Boosting_6,"{""learning_rate"": 0.1, ""max_depth"": 2, ""n_estimators"": 200}",1.024765320000006,0.7564304493403334,0.014992616428165642,0.6090240906387111,0.02567611248945682,0.6807751758250251,0.03458689589061341,0.6422725197848747,0.018984056565785223,0.81909219598886,0.017705635551024522
Gradient Boosting,Stage 1,Stage 1_Gradient Boosting_7,"{""learning_rate"": 0.1, ""max_depth"": 3, ""n_estimators"": 100}",0.7391051799997512,0.7541697632232955,0.014467154454146503,0.6066895226477305,0.025239041405101866,0.6728417961202566,0.02816839593760535,0.6375302425654507,0.01678893948101744,0.8193445862360337,0.014093430530105496
Gradient Boosting,Stage 1,Stage 1_Gradient Boosting_8,"{""learning_rate"": 0.1, ""max_depth"": 3, ""n_estimators"": 200}",1.463837820000117,0.7575587946203821,0.019119470670685118,0.6122354746999773,0.0325755648733531,0.6754772393538914,0.01789198447387424,0.6419110145329625,0.020650684680151844,0.821171083351048,0.014594970829894643
Gradient Boosting,Stage 2,Stage 2_Gradient Boosting_1,"{""learning_rate"": 0.05, ""max_depth"": 2, ""n_estimators"": 100}",0.5737513399999443,0.8267850150632496,0.012215299887954856,0.7131651464261581,0.02347307793999092,0.7722157817451116,0.015492109914796786,0.7413417566189395,0.01589241967384388,0.889234168189217,0.005667498884396902
Gradient Boosting,Stage 2,Stage 2_Gradient Boosting_2,"{""learning_rate"": 0.05, ""max_depth"": 2, ""n_estimators"": 200}",1.1269857400002365,0.8313071864087135,0.010040205685408183,0.7176287840773999,0.017562145606633904,0.7836424762346395,0.019975138252841126,0.7490430970911605,0.014734493483591139,0.8943156719667776,0.006890237829295355
Gradient Boosting,Stage 2,Stage 2_Gradient Boosting_3,"{""learning_rate"": 0.05, ""max_depth"": 3, ""n_estimators"": 100}",0.8000224399998842,0.8349822996827527,0.013178722886823008,0.7293677420275437,0.026823363015637057,0.7748628178375455,0.01927758182125793,0.751174539145096,0.017669754393491915,0.8923504531340942,0.006005926756653035
Gradient Boosting,Stage 2,Stage 2_Gradient Boosting_4,"{""learning_rate"": 0.05, ""max_depth"": 3, ""n_estimators"": 200}",1.608581200000117,0.8349811010156705,0.01774304290941284,0.7286195481729323,0.03245143957703214,0.7766056109436588,0.022272138320003736,0.7516518825636977,0.02466573441763174,0.8954015700996123,0.007029161209155419
Gradient Boosting,Stage 2,Stage 2_Gradient Boosting_5,"{""learning_rate"": 0.1, ""max_depth"": 2, ""n_estimators"": 100}",0.5759837200006587,0.8301764437945005,0.010760393830792043,0.7153262286345071,0.018270102988979846,0.7836424762346395,0.021134645013717628,0.7477817249229435,0.015822022276588237,0.8939005787900118,0.006945888247331143
Gradient Boosting,Stage 2,Stage 2_Gradient Boosting_6,"{""learning_rate"": 0.1, ""max_depth"": 2, ""n_estimators"": 200}",1.1410963999998784,0.8366768153812959,0.011061964272254527,0.728350753007361,0.01833474463639041,0.784511940644563,0.024588365756803753,0.755227040559533,0.01736695291312331,0.8976893187619481,0.006568867579841306
Gradient Boosting,Stage 2,Stage 2_Gradient Boosting_7,"{""learning_rate"": 0.1, ""max_depth"": 3, ""n_estimators"": 100}",0.811762539999836,0.8330029007743389,0.014532142605119912,0.7263682168857379,0.029624923310172756,0.7722157817451116,0.01519528559055882,0.7483666440276828,0.01902049163991538,0.894462265611154,0.006413783959044123
Gradient Boosting,Stage 2,Stage 2_Gradient Boosting_8,"{""learning_rate"": 0.1, ""max_depth"": 3, ""n_estimators"": 200}",1.618485079999664,0.8366764158256019,0.012939064936453635,0.7383617801389315,0.029219015654213434,0.763428394775485,0.01770916431740845,0.7503644587141334,0.016692377325915567,0.8967197718483076,0.006960659103974704
Gradient Boosting,Stage 3,Stage 3_Gradient Boosting_1,"{""learning_rate"": 0.05, ""max_depth"": 2, ""n_estimators"": 100}",0.6405011600003491,0.8437405604967276,0.010176934482506875,0.7357275043282717,0.02603124498263486,0.8038797434113919,0.014958367129396872,0.7678991608696626,0.01021962695268652,0.9080541799412799,0.007212648762389667
Gradient Boosting,Stage 3,Stage 3_Gradient Boosting_2,"{""learning_rate"": 0.05, ""max_depth"": 2, ""n_estimators"": 200}",1.2539782999996532,0.8508043056121594,0.006393170382178044,0.7468437612004684,0.015135985036811158,0.8109050158435738,0.014614861443601785,0.7774083613085377,0.008831386588038746,0.9114447681621053,0.0073323606987598395
Gradient Boosting,Stage 3,Stage 3_Gradient Boosting_3,"{""learning_rate"": 0.05, ""max_depth"": 3, ""n_estimators"": 100}",0.9147779799997806,0.8564560209047538,0.009776034321675857,0.765374041359087,0.02192620208970269,0.7985856712265245,0.006016409534764988,0.7815132882661785,0.012624111116935835,0.9121816506475533,0.007805994872614866
Gradient Boosting,Stage 3,Stage 3_Gradient Boosting_4,"{""learning_rate"": 0.05, ""max_depth"": 3, ""n_estimators"": 200}",1.7941655199996602,0.859280879661816,0.00859749731487078,0.7708995374539791,0.02002328171186011,0.8003400571914367,0.009424607212468404,0.7852247814694009,0.011499364383606348,0.9143036360657506,0.007310439895885507
Gradient Boosting,Stage 3,Stage 3_Gradient Boosting_5,"{""learning_rate"": 0.1, ""max_depth"": 2, ""n_estimators"": 100}",0.6341162799999438,0.8471299914495083,0.00656266152877696,0.7406408664679908,0.01569776662733966,0.8073885153412166,0.014388638908054092,0.7724166135584903,0.008639549921665162,0.9115955587782041,0.007502902142514503
Gradient Boosting,Stage 3,Stage 3_Gradient Boosting_6,"{""learning_rate"": 0.1, ""max_depth"": 2, ""n_estimators"": 200}",1.2945543799993176,0.8547599069834344,0.00646398773480079,0.7550034315986427,0.015420147368110218,0.8117822088260299,0.015739423443601127,0.7822024433536122,0.009146426057858568,0.9135778414441035,0.00664676804326555
Gradient Boosting,Stage 3,Stage 3_Gradient Boosting_7,"{""learning_rate"": 0.1, ""max_depth"": 3, ""n_estimators"": 100}",0.9224199400006909,0.8601291364003227,0.005217763181479408,0.7745439361805844,0.013001944760543567,0.7968351495478785,0.00841651839312513,0.7854574672340294,0.0069053641313504876,0.9122967539573585,0.006910361805927423
Gradient Boosting,Stage 3,Stage 3_Gradient Boosting_8,"{""learning_rate"": 0.1, ""max_depth"": 3, ""n_estimators"": 200}",1.8111728399999265,0.8612582807917594,0.010761737881248833,0.7792387067457028,0.021794456482165957,0.7933070561867223,0.010042178943910966,0.7861428878119756,0.015015870837745754,0.9131071580875225,0.007039976975004473
Logistic Regression,Stage 1,Stage 1_Logistic Regression_1,"{""C"": 0.01}",0.022926180000285967,0.7456971847305796,0.022294697018657987,0.590678615327714,0.03091691261049415,0.6807403972486282,0.03150092771879285,0.6324444182372361,0.030443436181922447,0.8036485226007455,0.020135891706623613
Logistic Regression,Stage 1,Stage 1_Logistic Regression_2,"{""C"": 0.1}",0.03015400000003865,0.7513425071320692,0.018732056291245566,0.5996654988488019,0.028517435232865304,0.6842916763273823,0.020500304515688468,0.6389702316976438,0.022143671577651357,0.8180273158877813,0.018756256718512516
Logistic Regression,Stage 1,Stage 1_Logistic Regression_3,"{""C"": 1.0}",0.0418444000002637,0.7496443954322793,0.022241347249848376,0.5969416879271776,0.035781201718968,0.6886621840945978,0.005986317633306864,0.639160090491748,0.02221672894568543,0.8180416790722843,0.018081972001627016
Logistic Regression,Stage 1,Stage 1_Logistic Regression_4,"{""C"": 10.0}",0.07267090000023017,0.7513413084649869,0.02079508820591807,0.5996650479675095,0.03286616543305381,0.6860421980060284,0.01713579718043496,0.6396893273407989,0.02346210202395431,0.8146232496965746,0.01809718785124249
Logistic Regression,Stage 2,Stage 2_Logistic Regression_1,"{""C"": 0.01}",0.01993774000038684,0.8293297852787699,0.010117322585843776,0.7189869637279872,0.01999525356812934,0.7704459386351341,0.013393601705219398,0.7436954859499305,0.013353006121953262,0.8859678817959017,0.009175933508829611
Logistic Regression,Stage 2,Stage 2_Logistic Regression_2,"{""C"": 0.1}",0.028044260000024225,0.8451525903195647,0.01223826008770964,0.739347879744278,0.02362425562788122,0.8012327073189581,0.020473195054155128,0.7688323985701875,0.016981156962272738,0.9012117671821619,0.010387156407896989
Logistic Regression,Stage 2,Stage 2_Logistic Regression_3,"{""C"": 1.0}",0.0384872999999061,0.8411957902812073,0.014798384499322215,0.7335566046889811,0.025389561445070416,0.7950846278692325,0.021518825510522036,0.7629437532566252,0.020875268956289415,0.902454528407244,0.013208686878080701
Logistic Regression,Stage 2,Stage 2_Logistic Regression_4,"{""C"": 10.0}",0.06412511999915296,0.8426086192154324,0.01284991296298424,0.7341919449963539,0.02225700390830303,0.8003593786227684,0.01787034786450807,0.7657392834225393,0.017816720475321016,0.8998295432497988,0.015023147434382012
Logistic Regression,Stage 3,Stage 3_Logistic Regression_1,"{""C"": 0.01}",0.021563760000208276,0.8550451897489992,0.010945359048170929,0.7585806267872783,0.02471979389610568,0.8065113223587603,0.012371317998427826,0.7815644085736878,0.013116315939634882,0.9081234908060782,0.0066920753182159514
Logistic Regression,Stage 3,Stage 3_Logistic Regression_2,"{""C"": 0.1}",0.02952690000020084,0.8618220538760898,0.012419680811697267,0.7716237778866863,0.028151669325058956,0.810897287271041,0.0109641113057689,0.7905615522780668,0.016205266296582903,0.9189717113993285,0.007261214530865988
Logistic Regression,Stage 3,Stage 3_Logistic Regression_3,"{""C"": 1.0}",0.04228480000019772,0.8592772836605693,0.014527246239882214,0.7670308164914038,0.028473405194181362,0.8082502511786073,0.012987066470240142,0.7869771559933564,0.01973428442045872,0.9183490977902495,0.00973635166320785
Logistic Regression,Stage 3,Stage 3_Logistic Regression_4,"{""C"": 10.0}",0.06747784000035609,0.8558862544850125,0.01850026807160679,0.7590825165366181,0.033656138678920235,0.8091429013061286,0.016974204577396665,0.7832099215648535,0.025429572634561495,0.9156750049321201,0.010822968037947215
Random Forest,Stage 1,Stage 1_Random Forest_1,"{""max_depth"": null, ""min_samples_leaf"": 1, ""n_estimators"": 100}",0.13368699999991804,0.7776224837980166,0.009243945130553495,0.6739258246790761,0.018838321756211345,0.5971983924569132,0.018983763994161868,0.6330734872707932,0.01477253560681315,0.8123796501700875,0.013720875694210977
Random Forest,Stage 1,Stage 1_Random Forest_2,"{""max_depth"": null, ""min_samples_leaf"": 1, ""n_estimators"": 300}",0.34951270000019574,0.7793201959421123,0.013777909883758162,0.6742902663973597,0.028800271736871514,0.6077440296777186,0.017295139762021947,0.639054779377336,0.01839360118734978,0.8156061184057213,0.012138555412131454
Random Forest,Stage 1,Stage 1_Random Forest_3,"{""max_depth"": null, ""min_samples_leaf"": 3, ""n_estimators"": 100}",0.12152540000060981,0.756995421091746,0.007191004589144867,0.6111141039107573,0.013733425114099886,0.6719375531339361,0.015856777451515886,0.6398714108201555,0.006861705609434365,0.8152783955480745,0.011107666584792363
Random Forest,Stage 1,Stage 1_Random Forest_4,"{""max_depth"": null, ""min_samples_leaf"": 3, ""n_estimators"": 300}",0.33864335999969625,0.7564300497846395,0.010549677055359793,0.6103680867423726,0.01737260983715143,0.6710796815828116,0.012043224994757597,0.6391218935401817,0.010440953019498524,0.8165762894163224,0.01166171397089115
Random Forest,Stage 1,Stage 1_Random Forest_5,"{""max_depth"": 10, ""min_samples_leaf"": 1, ""n_estimators"": 100}",0.1214776199994958,0.7550160221833322,0.0061795262524916,0.6083464466348757,0.012382160133662095,0.6684287812041115,0.014365106727043282,0.6367868925174509,0.005248945265533599,0.816297761343046,0.011877187269099442
Random Forest,Stage 1,Stage 1_Random Forest_6,"{""max_depth"": 10, ""min_samples_leaf"": 1, ""n_estimators"": 300}",0.33119399999995947,0.7572791056345343,0.008392504429468425,0.6123381307181699,0.01352652197149285,0.6675477239353891,0.018793593839384608,0.6385940306630202,0.011563723658239062,0.8167990265051476,0.011135515653127955
Random Forest,Stage 1,Stage 1_Random Forest_7,"{""max_depth"": 10, ""min_samples_leaf"": 3, ""n_estimators"": 100}",0.11990115999979026,0.7519114744404223,0.010623682823591931,0.6011431438860775,0.015881075078459695,0.6780972254424608,0.018833453567905986,0.637189988531321,0.014417547924952643,0.8147054058486066,0.01161710990275955
Random Forest,Stage 1,Stage 1_Random Forest_8,"{""max_depth"": 10, ""min_samples_leaf"": 3, ""n_estimators"": 300}",0.3287422999997943,0.7538880764589775,0.00886132632954694,0.6053678464108924,0.014253409623565836,0.6736996676713811,0.01606360607590256,0.637550900710641,0.010348337858800648,0.8160625485579839,0.011160986057789224
Random Forest,Stage 2,Stage 2_Random Forest_1,"{""max_depth"": null, ""min_samples_leaf"": 1, ""n_estimators"": 100}",0.12695171999985178,0.8443059318038341,0.014422538355245254,0.7790022351829292,0.03419574132720297,0.7211956101708015,0.015446372028321302,0.7487132563257124,0.019895662832709975,0.891915368861991,0.007397424467705639
Random Forest,Stage 2,Stage 2_Random Forest_2,"{""max_depth"": null, ""min_samples_leaf"": 1, ""n_estimators"": 300}",0.3562039000000368,0.8462849311565538,0.011738330979547934,0.7800943378936089,0.027161657726137493,0.7273591467655923,0.02235100637664586,0.7525211460260751,0.01810262891567542,0.8936219508876665,0.005962282902177852
Random Forest,Stage 2,Stage 2_Random Forest_3,"{""max_depth"": null, ""min_samples_leaf"": 3, ""n_estimators"": 100}",0.1281546200003504,0.8389422961666627,0.010149711365661469,0.7401172160444351,0.014999078257057898,0.7687147383878198,0.022447735045754733,0.7540462512064647,0.016253427702679568,0.8893949554199814,0.005460795209523262
Random Forest,Stage 2,Stage 2_Random Forest_4,"{""max_depth"": null, ""min_samples_leaf"": 3, ""n_estimators"": 300}",0.330343200000425,0.8363967268397541,0.010963731307920575,0.7378464133879673,0.024137313481911525,0.7625512017930289,0.015195243824909032,0.7497747479536211,0.01424808006662066,0.8904014581193314,0.005124569290213952
Random Forest,Stage 2,Stage 2_Random Forest_5,"{""max_depth"": 10, ""min_samples_leaf"": 1, ""n_estimators"": 100}",0.11946556000002602,0.8347002133627406,0.009396990729483,0.7335304306874055,0.024746357238915554,0.7643055877579411,0.01807130074202751,0.7482439691412344,0.011417014372677598,0.8876690961826743,0.005313326332545282
Random Forest,Stage 2,Stage 2_Random Forest_6,"{""max_depth"": 10, ""min_samples_leaf"": 1, ""n_estimators"": 300}",0.3274639399998705,0.8366784136040722,0.00662787216796241,0.7387369089884208,0.01759641015873747,0.761677873096839,0.019640363726045332,0.7497672233935629,0.0095586854369191,0.8890553389359326,0.005605019796589107
Random Forest,Stage 2,Stage 2_Random Forest_7,"{""max_depth"": 10, ""min_samples_leaf"": 3, ""n_estimators"": 100}",0.12078918000006525,0.831028696089948,0.011273189763429507,0.7237773844007936,0.02519653002863664,0.7687186026740861,0.03044539067138917,0.7450448638214717,0.0163501122378478,0.8871009117184924,0.005726899558645607
Random Forest,Stage 2,Stage 2_Random Forest_8,"{""max_depth"": 10, ""min_samples_leaf"": 3, ""n_estimators"": 300}",0.3301075400002446,0.8284843254301217,0.009037495761907186,0.7209885658014,0.0201394258854491,0.7616740088105727,0.020416666765176825,0.7404957621453084,0.012358852647817479,0.8880054431203573,0.005144717517377355
Random Forest,Stage 3,Stage 3_Random Forest_1,"{""max_depth"": null, ""min_samples_leaf"": 1, ""n_estimators"": 100}",0.13395634000007703,0.8629563924915494,0.0119322482396149,0.8032623179013871,0.03057856958390003,0.7607620372517195,0.009473049709285437,0.781205747516222,0.015960683007466878,0.913043938996872,0.006692466887421694
Random Forest,Stage 3,Stage 3_Random Forest_2,"{""max_depth"": null, ""min_samples_leaf"": 1, ""n_estimators"": 300}",0.33829618000017947,0.8643676232029984,0.011178953065155582,0.8072543536961625,0.026349698909857534,0.7598771156967308,0.01060783884946508,0.7827154528855185,0.015853354020738203,0.914751859337958,0.005622918197512321
Random Forest,Stage 3,Stage 3_Random Forest_3,"{""max_depth"": null, ""min_samples_leaf"": 3, ""n_estimators"": 100}",0.12321536000017659,0.8564596169060005,0.008683661546975684,0.7692454017809173,0.0230073244153643,0.7915681273668753,0.008777467029081085,0.7800207276312058,0.00972507628385878,0.9125099594748042,0.002810268443685251
Random Forest,Stage 3,Stage 3_Random Forest_4,"{""max_depth"": null, ""min_samples_leaf"": 3, ""n_estimators"": 300}",0.33168237999998385,0.8578724458402256,0.00996774960191345,0.7736944776210877,0.026479997493476855,0.7898021485431641,0.008305833652443593,0.7813782422216845,0.010993506006597235,0.9130894653370308,0.004779169212537684
Random Forest,Stage 3,Stage 3_Random Forest_5,"{""max_depth"": 10, ""min_samples_leaf"": 1, ""n_estimators"": 100}",0.12076464000019768,0.8544778206634221,0.013109971836940647,0.7689481970100521,0.032979354420658975,0.7845273977896282,0.005895110869357552,0.7762680787490923,0.014510461664091442,0.909297304129425,0.005871827965138649
Random Forest,Stage 3,Stage 3_Random Forest_6,"{""max_depth"": 10, ""min_samples_leaf"": 1, ""n_estimators"": 300}",0.3269082800001343,0.8550447901933051,0.010860114812603357,0.7719102381020617,0.029068837803050793,0.781010897287271,0.007561952571223771,0.7760910953559723,0.011626086036103423,0.9102291808129538,0.005174572839318995
Random Forest,Stage 3,Stage 3_Random Forest_7,"{""max_depth"": 10, ""min_samples_leaf"": 3, ""n_estimators"": 100}",0.1230491999998776,0.8519358473377604,0.00933117677147654,0.7607875485290316,0.024591233629044803,0.7880438982919855,0.008285628121008639,0.7738976131228323,0.009539727933911517,0.9101998627334819,0.00484359134516684
Random Forest,Stage 3,Stage 3_Random Forest_8,"{""max_depth"": 10, ""min_samples_leaf"": 3, ""n_estimators"": 300}",0.33342994000086035,0.8505238175149232,0.011774976077090937,0.7600623426289265,0.02932008811357603,0.7836617976659711,0.012122650037919895,0.7713020724269904,0.012937252602397588,0.910267587965536,0.004492825125942141
